Workbook
Name ClientCodeList: OFFSET(HOLIDAYS!$H$12,0,0,COUNTA(HOLIDAYS!$H$12:$H$500),1)
Name ClientNameList: OFFSET(HOLIDAYS!$H$3,0,0,COUNTA(HOLIDAYS!$H$3:$H$200),1)
Name COM: '[1]TIME SHEET 2.67'!$AY$8:$AY$58
Name COM: '[1]TIME SHEET 2.67'!$AY$8:$AY$58
Name COM: 'TIME SHEET'!$AY$8:$AY$60
Name list: '[1]TIME SHEET 2.67'!$AS$8:$AS$19
Name list: '[1]TIME SHEET 2.67'!$AS$8:$AS$19
Name list: 'TIME SHEET'!$AS$8:$AS$19
Name list: '[1]TIME SHEET 1.67'!$AS$8:$AS$19
Name PER: '[1]TIME SHEET 2.67'!$BA$8:$BA$12
Name PER: '[1]TIME SHEET 2.67'!$BA$8:$BA$12
Name PER: 'TIME SHEET'!$BA$8:$BA$10
Name PER: '[1]TIME SHEET 1.67'!$BA$8:$BA$12
Name PeriodList: OFFSET(HOLIDAYS!$I$3,0,0,COUNTA(HOLIDAYS!$I$3:$I$200),1)
Name YEAR: '[1]TIME SHEET 2.67'!$AU$8:$AU$12
Name YEAR: '[1]TIME SHEET 2.67'!$AU$8:$AU$12
Name YEAR: 'TIME SHEET'!$AU$8:$AU$13
Name YEAR: '[1]TIME SHEET 1.67'!$AU$8:$AU$12

Sheet TIME SHEET
A1: MONTHLY TIME SHEET | AN1: ชั่วโมงมาตรฐาน/วัน (ชม.) | AO1: 8
A2: Dr.Virach & Associates
A3: Month | C3: ธันวาคม | E3: Year | F3: 2569 | Y3: NAME | AF3: DIVISION
A4: DAY | G4: 1 | H4: 2 | I4: 3 | J4: 4 | K4: 5 | L4: 6 | M4: 7 | N4: 8 | O4: 9 | P4: 10 | Q4: 11 | R4: 12 | S4: 13 | T4: 14 | U4: 15 | V4: 16 | W4: 17 | X4: 18 | Y4: 19 | Z4: 20 | AA4: 21 | AB4: 22 | AC4: 23 | AD4: 24 | AE4: 25 | AF4: 26 | AG4: 27 | AH4: 28 | AI4: 29 | AJ4: 30 | AK4: 31 | AL4: TOTAL
A5: CLIENT NAME
A6: 1 | B6: {=IFERROR(INDEX(_xlfn._xlws.FILTER(ClientCodeList,COUNTIF('TIME REPORT'!$E$6:$E$37,ClientCodeList)>0),ROWS($B$6:B6)),"")} | D6: {=IF($B6="","",IFERROR(INDEX('TIME REPORT'!$H$6:$H$37,MATCH(1,('TIME REPORT'!$E$6:$E$37=$B6)*('TIME REPORT'!$H$6:$H$37<>""),0)),""))} | G6: =IF($B6="","",SUMIFS('TIME REPORT'!$N$6:$N$37,'TIME REPORT'!$A$6:$A$37,G$4,'TIME REPORT'!$E$6:$E$37,$B6)+SUMIFS('TIME REPORT'!$P$6:$P$37,'TIME REPORT'!$A$6:$A$37,G$4,'TIME REPORT'!$E$6:$E$37,$B6)/60) | H6: =IF($B6="","",SUMIFS('TIME REPORT'!$N$6:$N$37,'TIME REPORT'!$A$6:$A$37,H$4,'TIME REPORT'!$E$6:$E$37,$B6)+SUMIFS('TIME REPORT'!$P$6:$P$37,'TIME REPORT'!$A$6:$A$37,H$4,'TIME REPORT'!$E$6:$E$37,$B6)/60) | I6: =IF($B6="","",SUMIFS('TIME REPORT'!$N$6:$N$37,'TIME REPORT'!$A$6:$A$37,I$4,'TIME REPORT'!$E$6:$E$37,$B6)+SUMIFS('TIME REPORT'!$P$6:$P$37,'TIME REPORT'!$A$6:$A$37,I$4,'TIME REPORT'!$E$6:$E$37,$B6)/60) | J6: =IF($B6="","",SUMIFS('TIME REPORT'!$N$6:$N$37,'TIME REPORT'!$A$6:$A$37,J$4,'TIME REPORT'!$E$6:$E$37,$B6)+SUMIFS('TIME REPORT'!$P$6:$P$37,'TIME REPORT'!$A$6:$A$37,J$4,'TIME REPORT'!$E$6:$E$37,$B6)/60) | K6: =IF($B6="","",SUMIFS('TIME REPORT'!$N$6:$N$37,'TIME REPORT'!$A$6:$A$37,K$4,'TIME REPORT'!$E$6:$E$37,$B6)+SUMIFS('TIME REPORT'!$P$6:$P$37,'TIME REPORT'!$A$6:$A$37,K$4,'TIME REPORT'!$E$6:$E$37,$B6)/60) | L6: =IF($B6="","",SUMIFS('TIME REPORT'!$N$6:$N$37,'TIME REPORT'!$A$6:$A$37,L$4,'TIME REPORT'!$E$6:$E$37,$B6)+SUMIFS('TIME REPORT'!$P$6:$P$37,'TIME REPORT'!$A$6:$A$37,L$4,'TIME REPORT'!$E$6:$E$37,$B6)/60) | M6: =IF($B6="","",SUMIFS('TIME REPORT'!$N$6:$N$37,'TIME REPORT'!$A$6:$A$37,M$4,'TIME REPORT'!$E$6:$E$37,$B6)+SUMIFS('TIME REPORT'!$P$6:$P$37,'TIME REPORT'!$A$6:$A$37,M$4,'TIME REPORT'!$E$6:$E$37,$B6)/60) | N6: =IF($B6="","",SUMIFS('TIME REPORT'!$N$6:$N$37,'TIME REPORT'!$A$6:$A$37,N$4,'TIME REPORT'!$E$6:$E$37,$B6)+SUMIFS('TIME REPORT'!$P$6:$P$37,'TIME REPORT'!$A$6:$A$37,N$4,'TIME REPORT'!$E$6:$E$37,$B6)/60) | ... AK6: =IF($B6="","",SUMIFS('TIME REPORT'!$N$6:$N$37,'TIME REPORT'!$A$6:$A$37,AK$4,'TIME REPORT'!$E$6:$E$37,$B6)+SUMIFS('TIME REPORT'!$P$6:$P$37,'TIME REPORT'!$A$6:$A$37,AK$4,'TIME REPORT'!$E$6:$E$37,$B6)/60) | AL6: =SUM(G6:AK6) -> 0
A7: 2 | B7: {=IFERROR(INDEX(_xlfn._xlws.FILTER(ClientCodeList,COUNTIF('TIME REPORT'!$E$6:$E$37,ClientCodeList)>0),ROWS($B$6:B7)),"")} | D7: {=IF($B7="","",IFERROR(INDEX('TIME REPORT'!$H$6:$H$37,MATCH(1,('TIME REPORT'!$E$6:$E$37=$B7)*('TIME REPORT'!$H$6:$H$37<>""),0)),""))} | G7: =IF($B7="","",SUMIFS('TIME REPORT'!$N$6:$N$37,'TIME REPORT'!$A$6:$A$37,G$4,'TIME REPORT'!$E$6:$E$37,$B7)+SUMIFS('TIME REPORT'!$P$6:$P$37,'TIME REPORT'!$A$6:$A$37,G$4,'TIME REPORT'!$E$6:$E$37,$B7)/60) | H7: =IF($B7="","",SUMIFS('TIME REPORT'!$N$6:$N$37,'TIME REPORT'!$A$6:$A$37,H$4,'TIME REPORT'!$E$6:$E$37,$B7)+SUMIFS('TIME REPORT'!$P$6:$P$37,'TIME REPORT'!$A$6:$A$37,H$4,'TIME REPORT'!$E$6:$E$37,$B7)/60) | I7: =IF($B7="","",SUMIFS('TIME REPORT'!$N$6:$N$37,'TIME REPORT'!$A$6:$A$37,I$4,'TIME REPORT'!$E$6:$E$37,$B7)+SUMIFS('TIME REPORT'!$P$6:$P$37,'TIME REPORT'!$A$6:$A$37,I$4,'TIME REPORT'!$E$6:$E$37,$B7)/60) | J7: =IF($B7="","",SUMIFS('TIME REPORT'!$N$6:$N$37,'TIME REPORT'!$A$6:$A$37,J$4,'TIME REPORT'!$E$6:$E$37,$B7)+SUMIFS('TIME REPORT'!$P$6:$P$37,'TIME REPORT'!$A$6:$A$37,J$4,'TIME REPORT'!$E$6:$E$37,$B7)/60) | K7: =IF($B7="","",SUMIFS('TIME REPORT'!$N$6:$N$37,'TIME REPORT'!$A$6:$A$37,K$4,'TIME REPORT'!$E$6:$E$37,$B7)+SUMIFS('TIME REPORT'!$P$6:$P$37,'TIME REPORT'!$A$6:$A$37,K$4,'TIME REPORT'!$E$6:$E$37,$B7)/60) | L7: =IF($B7="","",SUMIFS('TIME REPORT'!$N$6:$N$37,'TIME REPORT'!$A$6:$A$37,L$4,'TIME REPORT'!$E$6:$E$37,$B7)+SUMIFS('TIME REPORT'!$P$6:$P$37,'TIME REPORT'!$A$6:$A$37,L$4,'TIME REPORT'!$E$6:$E$37,$B7)/60) | M7: =IF($B7="","",SUMIFS('TIME REPORT'!$N$6:$N$37,'TIME REPORT'!$A$6:$A$37,M$4,'TIME REPORT'!$E$6:$E$37,$B7)+SUMIFS('TIME REPORT'!$P$6:$P$37,'TIME REPORT'!$A$6:$A$37,M$4,'TIME REPORT'!$E$6:$E$37,$B7)/60) | N7: =IF($B7="","",SUMIFS('TIME REPORT'!$N$6:$N$37,'TIME REPORT'!$A$6:$A$37,N$4,'TIME REPORT'!$E$6:$E$37,$B7)+SUMIFS('TIME REPORT'!$P$6:$P$37,'TIME REPORT'!$A$6:$A$37,N$4,'TIME REPORT'!$E$6:$E$37,$B7)/60) | ... AK7: =IF($B7="","",SUMIFS('TIME REPORT'!$N$6:$N$37,'TIME REPORT'!$A$6:$A$37,AK$4,'TIME REPORT'!$E$6:$E$37,$B7)+SUMIFS('TIME REPORT'!$P$6:$P$37,'TIME REPORT'!$A$6:$A$37,AK$4,'TIME REPORT'!$E$6:$E$37,$B7)/60) | AL7: =SUM(G7:AK7) -> 0
A8: 3 | B8: {=IFERROR(INDEX(_xlfn._xlws.FILTER(ClientCodeList,COUNTIF('TIME REPORT'!$E$6:$E$37,ClientCodeList)>0),ROWS($B$6:B8)),"")} | D8: {=IF($B8="","",IFERROR(INDEX('TIME REPORT'!$H$6:$H$37,MATCH(1,('TIME REPORT'!$E$6:$E$37=$B8)*('TIME REPORT'!$H$6:$H$37<>""),0)),""))} | G8: =IF($B8="","",SUMIFS('TIME REPORT'!$N$6:$N$37,'TIME REPORT'!$A$6:$A$37,G$4,'TIME REPORT'!$E$6:$E$37,$B8)+SUMIFS('TIME REPORT'!$P$6:$P$37,'TIME REPORT'!$A$6:$A$37,G$4,'TIME REPORT'!$E$6:$E$37,$B8)/60) | H8: =IF($B8="","",SUMIFS('TIME REPORT'!$N$6:$N$37,'TIME REPORT'!$A$6:$A$37,H$4,'TIME REPORT'!$E$6:$E$37,$B8)+SUMIFS('TIME REPORT'!$P$6:$P$37,'TIME REPORT'!$A$6:$A$37,H$4,'TIME REPORT'!$E$6:$E$37,$B8)/60) | I8: =IF($B8="","",SUMIFS('TIME REPORT'!$N$6:$N$37,'TIME REPORT'!$A$6:$A$37,I$4,'TIME REPORT'!$E$6:$E$37,$B8)+SUMIFS('TIME REPORT'!$P$6:$P$37,'TIME REPORT'!$A$6:$A$37,I$4,'TIME REPORT'!$E$6:$E$37,$B8)/60) | J8: =IF($B8="","",SUMIFS('TIME REPORT'!$N$6:$N$37,'TIME REPORT'!$A$6:$A$37,J$4,'TIME REPORT'!$E$6:$E$37,$B8)+SUMIFS('TIME REPORT'!$P$6:$P$37,'TIME REPORT'!$A$6:$A$37,J$4,'TIME REPORT'!$E$6:$E$37,$B8)/60) | K8: =IF($B8="","",SUMIFS('TIME REPORT'!$N$6:$N$37,'TIME REPORT'!$A$6:$A$37,K$4,'TIME REPORT'!$E$6:$E$37,$B8)+SUMIFS('TIME REPORT'!$P$6:$P$37,'TIME REPORT'!$A$6:$A$37,K$4,'TIME REPORT'!$E$6:$E$37,$B8)/60) | L8: =IF($B8="","",SUMIFS('TIME REPORT'!$N$6:$N$37,'TIME REPORT'!$A$6:$A$37,L$4,'TIME REPORT'!$E$6:$E$37,$B8)+SUMIFS('TIME REPORT'!$P$6:$P$37,'TIME REPORT'!$A$6:$A$37,L$4,'TIME REPORT'!$E$6:$E$37,$B8)/60) | M8: =IF($B8="","",SUMIFS('TIME REPORT'!$N$6:$N$37,'TIME REPORT'!$A$6:$A$37,M$4,'TIME REPORT'!$E$6:$E$37,$B8)+SUMIFS('TIME REPORT'!$P$6:$P$37,'TIME REPORT'!$A$6:$A$37,M$4,'TIME REPORT'!$E$6:$E$37,$B8)/60) | N8: =IF($B8="","",SUMIFS('TIME REPORT'!$N$6:$N$37,'TIME REPORT'!$A$6:$A$37,N$4,'TIME REPORT'!$E$6:$E$37,$B8)+SUMIFS('TIME REPORT'!$P$6:$P$37,'TIME REPORT'!$A$6:$A$37,N$4,'TIME REPORT'!$E$6:$E$37,$B8)/60) | ... AK8: =IF($B8="","",SUMIFS('TIME REPORT'!$N$6:$N$37,'TIME REPORT'!$A$6:$A$37,AK$4,'TIME REPORT'!$E$6:$E$37,$B8)+SUMIFS('TIME REPORT'!$P$6:$P$37,'TIME REPORT'!$A$6:$A$37,AK$4,'TIME REPORT'!$E$6:$E$37,$B8)/60) | AL8: =SUM(G8:AK8) -> 0
A9: 4 | B9: {=IFERROR(INDEX(_xlfn._xlws.FILTER(ClientCodeList,COUNTIF('TIME REPORT'!$E$6:$E$37,ClientCodeList)>0),ROWS($B$6:B9)),"")} | D9: {=IF($B9="","",IFERROR(INDEX('TIME REPORT'!$H$6:$H$37,MATCH(1,('TIME REPORT'!$E$6:$E$37=$B9)*('TIME REPORT'!$H$6:$H$37<>""),0)),""))} | G9: =IF($B9="","",SUMIFS('TIME REPORT'!$N$6:$N$37,'TIME REPORT'!$A$6:$A$37,G$4,'TIME REPORT'!$E$6:$E$37,$B9)+SUMIFS('TIME REPORT'!$P$6:$P$37,'TIME REPORT'!$A$6:$A$37,G$4,'TIME REPORT'!$E$6:$E$37,$B9)/60) | H9: =IF($B9="","",SUMIFS('TIME REPORT'!$N$6:$N$37,'TIME REPORT'!$A$6:$A$37,H$4,'TIME REPORT'!$E$6:$E$37,$B9)+SUMIFS('TIME REPORT'!$P$6:$P$37,'TIME REPORT'!$A$6:$A$37,H$4,'TIME REPORT'!$E$6:$E$37,$B9)/60) | I9: =IF($B9="","",SUMIFS('TIME REPORT'!$N$6:$N$37,'TIME REPORT'!$A$6:$A$37,I$4,'TIME REPORT'!$E$6:$E$37,$B9)+SUMIFS('TIME REPORT'!$P$6:$P$37,'TIME REPORT'!$A$6:$A$37,I$4,'TIME REPORT'!$E$6:$E$37,$B9)/60) | J9: =IF($B9="","",SUMIFS('TIME REPORT'!$N$6:$N$37,'TIME REPORT'!$A$6:$A$37,J$4,'TIME REPORT'!$E$6:$E$37,$B9)+SUMIFS('TIME REPORT'!$P$6:$P$37,'TIME REPORT'!$A$6:$A$37,J$4,'TIME REPORT'!$E$6:$E$37,$B9)/60) | K9: =IF($B9="","",SUMIFS('TIME REPORT'!$N$6:$N$37,'TIME REPORT'!$A$6:$A$37,K$4,'TIME REPORT'!$E$6:$E$37,$B9)+SUMIFS('TIME REPORT'!$P$6:$P$37,'TIME REPORT'!$A$6:$A$37,K$4,'TIME REPORT'!$E$6:$E$37,$B9)/60) | L9: =IF($B9="","",SUMIFS('TIME REPORT'!$N$6:$N$37,'TIME REPORT'!$A$6:$A$37,L$4,'TIME REPORT'!$E$6:$E$37,$B9)+SUMIFS('TIME REPORT'!$P$6:$P$37,'TIME REPORT'!$A$6:$A$37,L$4,'TIME REPORT'!$E$6:$E$37,$B9)/60) | M9: =IF($B9="","",SUMIFS('TIME REPORT'!$N$6:$N$37,'TIME REPORT'!$A$6:$A$37,M$4,'TIME REPORT'!$E$6:$E$37,$B9)+SUMIFS('TIME REPORT'!$P$6:$P$37,'TIME REPORT'!$A$6:$A$37,M$4,'TIME REPORT'!$E$6:$E$37,$B9)/60) | N9: =IF($B9="","",SUMIFS('TIME REPORT'!$N$6:$N$37,'TIME REPORT'!$A$6:$A$37,N$4,'TIME REPORT'!$E$6:$E$37,$B9)+SUMIFS('TIME REPORT'!$P$6:$P$37,'TIME REPORT'!$A$6:$A$37,N$4,'TIME REPORT'!$E$6:$E$37,$B9)/60) | ... AK9: =IF($B9="","",SUMIFS('TIME REPORT'!$N$6:$N$37,'TIME REPORT'!$A$6:$A$37,AK$4,'TIME REPORT'!$E$6:$E$37,$B9)+SUMIFS('TIME REPORT'!$P$6:$P$37,'TIME REPORT'!$A$6:$A$37,AK$4,'TIME REPORT'!$E$6:$E$37,$B9)/60) | AL9: =SUM(G9:AK9) -> 0
A10: 5 | B10: {=IFERROR(INDEX(_xlfn._xlws.FILTER(ClientCodeList,COUNTIF('TIME REPORT'!$E$6:$E$37,ClientCodeList)>0),ROWS($B$6:B10)),"")} | D10: {=IF($B10="","",IFERROR(INDEX('TIME REPORT'!$H$6:$H$37,MATCH(1,('TIME REPORT'!$E$6:$E$37=$B10)*('TIME REPORT'!$H$6:$H$37<>""),0)),""))} | G10: =IF($B10="","",SUMIFS('TIME REPORT'!$N$6:$N$37,'TIME REPORT'!$A$6:$A$37,G$4,'TIME REPORT'!$E$6:$E$37,$B10)+SUMIFS('TIME REPORT'!$P$6:$P$37,'TIME REPORT'!$A$6:$A$37,G$4,'TIME REPORT'!$E$6:$E$37,$B10)/60) | H10: =IF($B10="","",SUMIFS('TIME REPORT'!$N$6:$N$37,'TIME REPORT'!$A$6:$A$37,H$4,'TIME REPORT'!$E$6:$E$37,$B10)+SUMIFS('TIME REPORT'!$P$6:$P$37,'TIME REPORT'!$A$6:$A$37,H$4,'TIME REPORT'!$E$6:$E$37,$B10)/60) | I10: =IF($B10="","",SUMIFS('TIME REPORT'!$N$6:$N$37,'TIME REPORT'!$A$6:$A$37,I$4,'TIME REPORT'!$E$6:$E$37,$B10)+SUMIFS('TIME REPORT'!$P$6:$P$37,'TIME REPORT'!$A$6:$A$37,I$4,'TIME REPORT'!$E$6:$E$37,$B10)/60) | J10: =IF($B10="","",SUMIFS('TIME REPORT'!$N$6:$N$37,'TIME REPORT'!$A$6:$A$37,J$4,'TIME REPORT'!$E$6:$E$37,$B10)+SUMIFS('TIME REPORT'!$P$6:$P$37,'TIME REPORT'!$A$6:$A$37,J$4,'TIME REPORT'!$E$6:$E$37,$B10)/60) | K10: =IF($B10="","",SUMIFS('TIME REPORT'!$N$6:$N$37,'TIME REPORT'!$A$6:$A$37,K$4,'TIME REPORT'!$E$6:$E$37,$B10)+SUMIFS('TIME REPORT'!$P$6:$P$37,'TIME REPORT'!$A$6:$A$37,K$4,'TIME REPORT'!$E$6:$E$37,$B10)/60) | L10: =IF($B10="","",SUMIFS('TIME REPORT'!$N$6:$N$37,'TIME REPORT'!$A$6:$A$37,L$4,'TIME REPORT'!$E$6:$E$37,$B10)+SUMIFS('TIME REPORT'!$P$6:$P$37,'TIME REPORT'!$A$6:$A$37,L$4,'TIME REPORT'!$E$6:$E$37,$B10)/60) | M10: =IF($B10="","",SUMIFS('TIME REPORT'!$N$6:$N$37,'TIME REPORT'!$A$6:$A$37,M$4,'TIME REPORT'!$E$6:$E$37,$B10)+SUMIFS('TIME REPORT'!$P$6:$P$37,'TIME REPORT'!$A$6:$A$37,M$4,'TIME REPORT'!$E$6:$E$37,$B10)/60) | N10: =IF($B10="","",SUMIFS('TIME REPORT'!$N$6:$N$37,'TIME REPORT'!$A$6:$A$37,N$4,'TIME REPORT'!$E$6:$E$37,$B10)+SUMIFS('TIME REPORT'!$P$6:$P$37,'TIME REPORT'!$A$6:$A$37,N$4,'TIME REPORT'!$E$6:$E$37,$B10)/60) | ... AK10: =IF($B10="","",SUMIFS('TIME REPORT'!$N$6:$N$37,'TIME REPORT'!$A$6:$A$37,AK$4,'TIME REPORT'!$E$6:$E$37,$B10)+SUMIFS('TIME REPORT'!$P$6:$P$37,'TIME REPORT'!$A$6:$A$37,AK$4,'TIME REPORT'!$E$6:$E$37,$B10)/60) | AL10: =SUM(G10:AK10) -> 0
A11: 6 | B11: {=IFERROR(INDEX(_xlfn._xlws.FILTER(ClientCodeList,COUNTIF('TIME REPORT'!$E$6:$E$37,ClientCodeList)>0),ROWS($B$6:B11)),"")} | D11: {=IF($B11="","",IFERROR(INDEX('TIME REPORT'!$H$6:$H$37,MATCH(1,('TIME REPORT'!$E$6:$E$37=$B11)*('TIME REPORT'!$H$6:$H$37<>""),0)),""))} | G11: =IF($B11="","",SUMIFS('TIME REPORT'!$N$6:$N$37,'TIME REPORT'!$A$6:$A$37,G$4,'TIME REPORT'!$E$6:$E$37,$B11)+SUMIFS('TIME REPORT'!$P$6:$P$37,'TIME REPORT'!$A$6:$A$37,G$4,'TIME REPORT'!$E$6:$E$37,$B11)/60) | H11: =IF($B11="","",SUMIFS('TIME REPORT'!$N$6:$N$37,'TIME REPORT'!$A$6:$A$37,H$4,'TIME REPORT'!$E$6:$E$37,$B11)+SUMIFS('TIME REPORT'!$P$6:$P$37,'TIME REPORT'!$A$6:$A$37,H$4,'TIME REPORT'!$E$6:$E$37,$B11)/60) | I11: =IF($B11="","",SUMIFS('TIME REPORT'!$N$6:$N$37,'TIME REPORT'!$A$6:$A$37,I$4,'TIME REPORT'!$E$6:$E$37,$B11)+SUMIFS('TIME REPORT'!$P$6:$P$37,'TIME REPORT'!$A$6:$A$37,I$4,'TIME REPORT'!$E$6:$E$37,$B11)/60) | J11: =IF($B11="","",SUMIFS('TIME REPORT'!$N$6:$N$37,'TIME REPORT'!$A$6:$A$37,J$4,'TIME REPORT'!$E$6:$E$37,$B11)+SUMIFS('TIME REPORT'!$P$6:$P$37,'TIME REPORT'!$A$6:$A$37,J$4,'TIME REPORT'!$E$6:$E$37,$B11)/60) | K11: =IF($B11="","",SUMIFS('TIME REPORT'!$N$6:$N$37,'TIME REPORT'!$A$6:$A$37,K$4,'TIME REPORT'!$E$6:$E$37,$B11)+SUMIFS('TIME REPORT'!$P$6:$P$37,'TIME REPORT'!$A$6:$A$37,K$4,'TIME REPORT'!$E$6:$E$37,$B11)/60) | L11: =IF($B11="","",SUMIFS('TIME REPORT'!$N$6:$N$37,'TIME REPORT'!$A$6:$A$37,L$4,'TIME REPORT'!$E$6:$E$37,$B11)+SUMIFS('TIME REPORT'!$P$6:$P$37,'TIME REPORT'!$A$6:$A$37,L$4,'TIME REPORT'!$E$6:$E$37,$B11)/60) | M11: =IF($B11="","",SUMIFS('TIME REPORT'!$N$6:$N$37,'TIME REPORT'!$A$6:$A$37,M$4,'TIME REPORT'!$E$6:$E$37,$B11)+SUMIFS('TIME REPORT'!$P$6:$P$37,'TIME REPORT'!$A$6:$A$37,M$4,'TIME REPORT'!$E$6:$E$37,$B11)/60) | N11: =IF($B11="","",SUMIFS('TIME REPORT'!$N$6:$N$37,'TIME REPORT'!$A$6:$A$37,N$4,'TIME REPORT'!$E$6:$E$37,$B11)+SUMIFS('TIME REPORT'!$P$6:$P$37,'TIME REPORT'!$A$6:$A$37,N$4,'TIME REPORT'!$E$6:$E$37,$B11)/60) | ... AK11: =IF($B11="","",SUMIFS('TIME REPORT'!$N$6:$N$37,'TIME REPORT'!$A$6:$A$37,AK$4,'TIME REPORT'!$E$6:$E$37,$B11)+SUMIFS('TIME REPORT'!$P$6:$P$37,'TIME REPORT'!$A$6:$A$37,AK$4,'TIME REPORT'!$E$6:$E$37,$B11)/60) | AL11: =SUM(G11:AK11) -> 0
A12: 7 | B12: {=IFERROR(INDEX(_xlfn._xlws.FILTER(ClientCodeList,COUNTIF('TIME REPORT'!$E$6:$E$37,ClientCodeList)>0),ROWS($B$6:B12)),"")} | D12: {=IF($B12="","",IFERROR(INDEX('TIME REPORT'!$H$6:$H$37,MATCH(1,('TIME REPORT'!$E$6:$E$37=$B12)*('TIME REPORT'!$H$6:$H$37<>""),0)),""))} | G12: =IF($B12="","",SUMIFS('TIME REPORT'!$N$6:$N$37,'TIME REPORT'!$A$6:$A$37,G$4,'TIME REPORT'!$E$6:$E$37,$B12)+SUMIFS('TIME REPORT'!$P$6:$P$37,'TIME REPORT'!$A$6:$A$37,G$4,'TIME REPORT'!$E$6:$E$37,$B12)/60) | H12: =IF($B12="","",SUMIFS('TIME REPORT'!$N$6:$N$37,'TIME REPORT'!$A$6:$A$37,H$4,'TIME REPORT'!$E$6:$E$37,$B12)+SUMIFS('TIME REPORT'!$P$6:$P$37,'TIME REPORT'!$A$6:$A$37,H$4,'TIME REPORT'!$E$6:$E$37,$B12)/60) | I12: =IF($B12="","",SUMIFS('TIME REPORT'!$N$6:$N$37,'TIME REPORT'!$A$6:$A$37,I$4,'TIME REPORT'!$E$6:$E$37,$B12)+SUMIFS('TIME REPORT'!$P$6:$P$37,'TIME REPORT'!$A$6:$A$37,I$4,'TIME REPORT'!$E$6:$E$37,$B12)/60) | J12: =IF($B12="","",SUMIFS('TIME REPORT'!$N$6:$N$37,'TIME REPORT'!$A$6:$A$37,J$4,'TIME REPORT'!$E$6:$E$37,$B12)+SUMIFS('TIME REPORT'!$P$6:$P$37,'TIME REPORT'!$A$6:$A$37,J$4,'TIME REPORT'!$E$6:$E$37,$B12)/60) | K12: =IF($B12="","",SUMIFS('TIME REPORT'!$N$6:$N$37,'TIME REPORT'!$A$6:$A$37,K$4,'TIME REPORT'!$E$6:$E$37,$B12)+SUMIFS('TIME REPORT'!$P$6:$P$37,'TIME REPORT'!$A$6:$A$37,K$4,'TIME REPORT'!$E$6:$E$37,$B12)/60) | L12: =IF($B12="","",SUMIFS('TIME REPORT'!$N$6:$N$37,'TIME REPORT'!$A$6:$A$37,L$4,'TIME REPORT'!$E$6:$E$37,$B12)+SUMIFS('TIME REPORT'!$P$6:$P$37,'TIME REPORT'!$A$6:$A$37,L$4,'TIME REPORT'!$E$6:$E$37,$B12)/60) | M12: =IF($B12="","",SUMIFS('TIME REPORT'!$N$6:$N$37,'TIME REPORT'!$A$6:$A$37,M$4,'TIME REPORT'!$E$6:$E$37,$B12)+SUMIFS('TIME REPORT'!$P$6:$P$37,'TIME REPORT'!$A$6:$A$37,M$4,'TIME REPORT'!$E$6:$E$37,$B12)/60) | N12: =IF($B12="","",SUMIFS('TIME REPORT'!$N$6:$N$37,'TIME REPORT'!$A$6:$A$37,N$4,'TIME REPORT'!$E$6:$E$37,$B12)+SUMIFS('TIME REPORT'!$P$6:$P$37,'TIME REPORT'!$A$6:$A$37,N$4,'TIME REPORT'!$E$6:$E$37,$B12)/60) | ... AK12: =IF($B12="","",SUMIFS('TIME REPORT'!$N$6:$N$37,'TIME REPORT'!$A$6:$A$37,AK$4,'TIME REPORT'!$E$6:$E$37,$B12)+SUMIFS('TIME REPORT'!$P$6:$P$37,'TIME REPORT'!$A$6:$A$37,AK$4,'TIME REPORT'!$E$6:$E$37,$B12)/60) | AL12: =SUM(G12:AK12) -> 0
A13: 8 | B13: {=IFERROR(INDEX(_xlfn._xlws.FILTER(ClientCodeList,COUNTIF('TIME REPORT'!$E$6:$E$37,ClientCodeList)>0),ROWS($B$6:B13)),"")} | D13: {=IF($B13="","",IFERROR(INDEX('TIME REPORT'!$H$6:$H$37,MATCH(1,('TIME REPORT'!$E$6:$E$37=$B13)*('TIME REPORT'!$H$6:$H$37<>""),0)),""))} | G13: =IF($B13="","",SUMIFS('TIME REPORT'!$N$6:$N$37,'TIME REPORT'!$A$6:$A$37,G$4,'TIME REPORT'!$E$6:$E$37,$B13)+SUMIFS('TIME REPORT'!$P$6:$P$37,'TIME REPORT'!$A$6:$A$37,G$4,'TIME REPORT'!$E$6:$E$37,$B13)/60) | H13: =IF($B13="","",SUMIFS('TIME REPORT'!$N$6:$N$37,'TIME REPORT'!$A$6:$A$37,H$4,'TIME REPORT'!$E$6:$E$37,$B13)+SUMIFS('TIME REPORT'!$P$6:$P$37,'TIME REPORT'!$A$6:$A$37,H$4,'TIME REPORT'!$E$6:$E$37,$B13)/60) | I13: =IF($B13="","",SUMIFS('TIME REPORT'!$N$6:$N$37,'TIME REPORT'!$A$6:$A$37,I$4,'TIME REPORT'!$E$6:$E$37,$B13)+SUMIFS('TIME REPORT'!$P$6:$P$37,'TIME REPORT'!$A$6:$A$37,I$4,'TIME REPORT'!$E$6:$E$37,$B13)/60) | J13: =IF($B13="","",SUMIFS('TIME REPORT'!$N$6:$N$37,'TIME REPORT'!$A$6:$A$37,J$4,'TIME REPORT'!$E$6:$E$37,$B13)+SUMIFS('TIME REPORT'!$P$6:$P$37,'TIME REPORT'!$A$6:$A$37,J$4,'TIME REPORT'!$E$6:$E$37,$B13)/60) | K13: =IF($B13="","",SUMIFS('TIME REPORT'!$N$6:$N$37,'TIME REPORT'!$A$6:$A$37,K$4,'TIME REPORT'!$E$6:$E$37,$B13)+SUMIFS('TIME REPORT'!$P$6:$P$37,'TIME REPORT'!$A$6:$A$37,K$4,'TIME REPORT'!$E$6:$E$37,$B13)/60) | L13: =IF($B13="","",SUMIFS('TIME REPORT'!$N$6:$N$37,'TIME REPORT'!$A$6:$A$37,L$4,'TIME REPORT'!$E$6:$E$37,$B13)+SUMIFS('TIME REPORT'!$P$6:$P$37,'TIME REPORT'!$A$6:$A$37,L$4,'TIME REPORT'!$E$6:$E$37,$B13)/60) | M13: =IF($B13="","",SUMIFS('TIME REPORT'!$N$6:$N$37,'TIME REPORT'!$A$6:$A$37,M$4,'TIME REPORT'!$E$6:$E$37,$B13)+SUMIFS('TIME REPORT'!$P$6:$P$37,'TIME REPORT'!$A$6:$A$37,M$4,'TIME REPORT'!$E$6:$E$37,$B13)/60) | N13: =IF($B13="","",SUMIFS('TIME REPORT'!$N$6:$N$37,'TIME REPORT'!$A$6:$A$37,N$4,'TIME REPORT'!$E$6:$E$37,$B13)+SUMIFS('TIME REPORT'!$P$6:$P$37,'TIME REPORT'!$A$6:$A$37,N$4,'TIME REPORT'!$E$6:$E$37,$B13)/60) | ... AK13: =IF($B13="","",SUMIFS('TIME REPORT'!$N$6:$N$37,'TIME REPORT'!$A$6:$A$37,AK$4,'TIME REPORT'!$E$6:$E$37,$B13)+SUMIFS('TIME REPORT'!$P$6:$P$37,'TIME REPORT'!$A$6:$A$37,AK$4,'TIME REPORT'!$E$6:$E$37,$B13)/60) | AL13: =SUM(G13:AK13) -> 0
A14: 9 | B14: {=IFERROR(INDEX(_xlfn._xlws.FILTER(ClientCodeList,COUNTIF('TIME REPORT'!$E$6:$E$37,ClientCodeList)>0),ROWS($B$6:B14)),"")} | D14: {=IF($B14="","",IFERROR(INDEX('TIME REPORT'!$H$6:$H$37,MATCH(1,('TIME REPORT'!$E$6:$E$37=$B14)*('TIME REPORT'!$H$6:$H$37<>""),0)),""))} | G14: =IF($B14="","",SUMIFS('TIME REPORT'!$N$6:$N$37,'TIME REPORT'!$A$6:$A$37,G$4,'TIME REPORT'!$E$6:$E$37,$B14)+SUMIFS('TIME REPORT'!$P$6:$P$37,'TIME REPORT'!$A$6:$A$37,G$4,'TIME REPORT'!$E$6:$E$37,$B14)/60) | H14: =IF($B14="","",SUMIFS('TIME REPORT'!$N$6:$N$37,'TIME REPORT'!$A$6:$A$37,H$4,'TIME REPORT'!$E$6:$E$37,$B14)+SUMIFS('TIME REPORT'!$P$6:$P$37,'TIME REPORT'!$A$6:$A$37,H$4,'TIME REPORT'!$E$6:$E$37,$B14)/60) | I14: =IF($B14="","",SUMIFS('TIME REPORT'!$N$6:$N$37,'TIME REPORT'!$A$6:$A$37,I$4,'TIME REPORT'!$E$6:$E$37,$B14)+SUMIFS('TIME REPORT'!$P$6:$P$37,'TIME REPORT'!$A$6:$A$37,I$4,'TIME REPORT'!$E$6:$E$37,$B14)/60) | J14: =IF($B14="","",SUMIFS('TIME REPORT'!$N$6:$N$37,'TIME REPORT'!$A$6:$A$37,J$4,'TIME REPORT'!$E$6:$E$37,$B14)+SUMIFS('TIME REPORT'!$P$6:$P$37,'TIME REPORT'!$A$6:$A$37,J$4,'TIME REPORT'!$E$6:$E$37,$B14)/60) | K14: =IF($B14="","",SUMIFS('TIME REPORT'!$N$6:$N$37,'TIME REPORT'!$A$6:$A$37,K$4,'TIME REPORT'!$E$6:$E$37,$B14)+SUMIFS('TIME REPORT'!$P$6:$P$37,'TIME REPORT'!$A$6:$A$37,K$4,'TIME REPORT'!$E$6:$E$37,$B14)/60) | L14: =IF($B14="","",SUMIFS('TIME REPORT'!$N$6:$N$37,'TIME REPORT'!$A$6:$A$37,L$4,'TIME REPORT'!$E$6:$E$37,$B14)+SUMIFS('TIME REPORT'!$P$6:$P$37,'TIME REPORT'!$A$6:$A$37,L$4,'TIME REPORT'!$E$6:$E$37,$B14)/60) | M14: =IF($B14="","",SUMIFS('TIME REPORT'!$N$6:$N$37,'TIME REPORT'!$A$6:$A$37,M$4,'TIME REPORT'!$E$6:$E$37,$B14)+SUMIFS('TIME REPORT'!$P$6:$P$37,'TIME REPORT'!$A$6:$A$37,M$4,'TIME REPORT'!$E$6:$E$37,$B14)/60) | N14: =IF($B14="","",SUMIFS('TIME REPORT'!$N$6:$N$37,'TIME REPORT'!$A$6:$A$37,N$4,'TIME REPORT'!$E$6:$E$37,$B14)+SUMIFS('TIME REPORT'!$P$6:$P$37,'TIME REPORT'!$A$6:$A$37,N$4,'TIME REPORT'!$E$6:$E$37,$B14)/60) | ... AK14: =IF($B14="","",SUMIFS('TIME REPORT'!$N$6:$N$37,'TIME REPORT'!$A$6:$A$37,AK$4,'TIME REPORT'!$E$6:$E$37,$B14)+SUMIFS('TIME REPORT'!$P$6:$P$37,'TIME REPORT'!$A$6:$A$37,AK$4,'TIME REPORT'!$E$6:$E$37,$B14)/60) | AL14: =SUM(G14:AK14) -> 0
A15: 10 | B15: {=IFERROR(INDEX(_xlfn._xlws.FILTER(ClientCodeList,COUNTIF('TIME REPORT'!$E$6:$E$37,ClientCodeList)>0),ROWS($B$6:B15)),"")} | D15: {=IF($B15="","",IFERROR(INDEX('TIME REPORT'!$H$6:$H$37,MATCH(1,('TIME REPORT'!$E$6:$E$37=$B15)*('TIME REPORT'!$H$6:$H$37<>""),0)),""))} | G15: =IF($B15="","",SUMIFS('TIME REPORT'!$N$6:$N$37,'TIME REPORT'!$A$6:$A$37,G$4,'TIME REPORT'!$E$6:$E$37,$B15)+SUMIFS('TIME REPORT'!$P$6:$P$37,'TIME REPORT'!$A$6:$A$37,G$4,'TIME REPORT'!$E$6:$E$37,$B15)/60) | H15: =IF($B15="","",SUMIFS('TIME REPORT'!$N$6:$N$37,'TIME REPORT'!$A$6:$A$37,H$4,'TIME REPORT'!$E$6:$E$37,$B15)+SUMIFS('TIME REPORT'!$P$6:$P$37,'TIME REPORT'!$A$6:$A$37,H$4,'TIME REPORT'!$E$6:$E$37,$B15)/60) | I15: =IF($B15="","",SUMIFS('TIME REPORT'!$N$6:$N$37,'TIME REPORT'!$A$6:$A$37,I$4,'TIME REPORT'!$E$6:$E$37,$B15)+SUMIFS('TIME REPORT'!$P$6:$P$37,'TIME REPORT'!$A$6:$A$37,I$4,'TIME REPORT'!$E$6:$E$37,$B15)/60) | J15: =IF($B15="","",SUMIFS('TIME REPORT'!$N$6:$N$37,'TIME REPORT'!$A$6:$A$37,J$4,'TIME REPORT'!$E$6:$E$37,$B15)+SUMIFS('TIME REPORT'!$P$6:$P$37,'TIME REPORT'!$A$6:$A$37,J$4,'TIME REPORT'!$E$6:$E$37,$B15)/60) | K15: =IF($B15="","",SUMIFS('TIME REPORT'!$N$6:$N$37,'TIME REPORT'!$A$6:$A$37,K$4,'TIME REPORT'!$E$6:$E$37,$B15)+SUMIFS('TIME REPORT'!$P$6:$P$37,'TIME REPORT'!$A$6:$A$37,K$4,'TIME REPORT'!$E$6:$E$37,$B15)/60) | L15: =IF($B15="","",SUMIFS('TIME REPORT'!$N$6:$N$37,'TIME REPORT'!$A$6:$A$37,L$4,'TIME REPORT'!$E$6:$E$37,$B15)+SUMIFS('TIME REPORT'!$P$6:$P$37,'TIME REPORT'!$A$6:$A$37,L$4,'TIME REPORT'!$E$6:$E$37,$B15)/60) | M15: =IF($B15="","",SUMIFS('TIME REPORT'!$N$6:$N$37,'TIME REPORT'!$A$6:$A$37,M$4,'TIME REPORT'!$E$6:$E$37,$B15)+SUMIFS('TIME REPORT'!$P$6:$P$37,'TIME REPORT'!$A$6:$A$37,M$4,'TIME REPORT'!$E$6:$E$37,$B15)/60) | N15: =IF($B15="","",SUMIFS('TIME REPORT'!$N$6:$N$37,'TIME REPORT'!$A$6:$A$37,N$4,'TIME REPORT'!$E$6:$E$37,$B15)+SUMIFS('TIME REPORT'!$P$6:$P$37,'TIME REPORT'!$A$6:$A$37,N$4,'TIME REPORT'!$E$6:$E$37,$B15)/60) | ... AK15: =IF($B15="","",SUMIFS('TIME REPORT'!$N$6:$N$37,'TIME REPORT'!$A$6:$A$37,AK$4,'TIME REPORT'!$E$6:$E$37,$B15)+SUMIFS('TIME REPORT'!$P$6:$P$37,'TIME REPORT'!$A$6:$A$37,AK$4,'TIME REPORT'!$E$6:$E$37,$B15)/60) | AL15: =SUM(G15:AK15) -> 0
A16: 11 | B16: {=IFERROR(INDEX(_xlfn._xlws.FILTER(ClientCodeList,COUNTIF('TIME REPORT'!$E$6:$E$37,ClientCodeList)>0),ROWS($B$6:B16)),"")} | D16: {=IF($B16="","",IFERROR(INDEX('TIME REPORT'!$H$6:$H$37,MATCH(1,('TIME REPORT'!$E$6:$E$37=$B16)*('TIME REPORT'!$H$6:$H$37<>""),0)),""))} | G16: =IF($B16="","",SUMIFS('TIME REPORT'!$N$6:$N$37,'TIME REPORT'!$A$6:$A$37,G$4,'TIME REPORT'!$E$6:$E$37,$B16)+SUMIFS('TIME REPORT'!$P$6:$P$37,'TIME REPORT'!$A$6:$A$37,G$4,'TIME REPORT'!$E$6:$E$37,$B16)/60) | H16: =IF($B16="","",SUMIFS('TIME REPORT'!$N$6:$N$37,'TIME REPORT'!$A$6:$A$37,H$4,'TIME REPORT'!$E$6:$E$37,$B16)+SUMIFS('TIME REPORT'!$P$6:$P$37,'TIME REPORT'!$A$6:$A$37,H$4,'TIME REPORT'!$E$6:$E$37,$B16)/60) | I16: =IF($B16="","",SUMIFS('TIME REPORT'!$N$6:$N$37,'TIME REPORT'!$A$6:$A$37,I$4,'TIME REPORT'!$E$6:$E$37,$B16)+SUMIFS('TIME REPORT'!$P$6:$P$37,'TIME REPORT'!$A$6:$A$37,I$4,'TIME REPORT'!$E$6:$E$37,$B16)/60) | J16: =IF($B16="","",SUMIFS('TIME REPORT'!$N$6:$N$37,'TIME REPORT'!$A$6:$A$37,J$4,'TIME REPORT'!$E$6:$E$37,$B16)+SUMIFS('TIME REPORT'!$P$6:$P$37,'TIME REPORT'!$A$6:$A$37,J$4,'TIME REPORT'!$E$6:$E$37,$B16)/60) | K16: =IF($B16="","",SUMIFS('TIME REPORT'!$N$6:$N$37,'TIME REPORT'!$A$6:$A$37,K$4,'TIME REPORT'!$E$6:$E$37,$B16)+SUMIFS('TIME REPORT'!$P$6:$P$37,'TIME REPORT'!$A$6:$A$37,K$4,'TIME REPORT'!$E$6:$E$37,$B16)/60) | L16: =IF($B16="","",SUMIFS('TIME REPORT'!$N$6:$N$37,'TIME REPORT'!$A$6:$A$37,L$4,'TIME REPORT'!$E$6:$E$37,$B16)+SUMIFS('TIME REPORT'!$P$6:$P$37,'TIME REPORT'!$A$6:$A$37,L$4,'TIME REPORT'!$E$6:$E$37,$B16)/60) | M16: =IF($B16="","",SUMIFS('TIME REPORT'!$N$6:$N$37,'TIME REPORT'!$A$6:$A$37,M$4,'TIME REPORT'!$E$6:$E$37,$B16)+SUMIFS('TIME REPORT'!$P$6:$P$37,'TIME REPORT'!$A$6:$A$37,M$4,'TIME REPORT'!$E$6:$E$37,$B16)/60) | N16: =IF($B16="","",SUMIFS('TIME REPORT'!$N$6:$N$37,'TIME REPORT'!$A$6:$A$37,N$4,'TIME REPORT'!$E$6:$E$37,$B16)+SUMIFS('TIME REPORT'!$P$6:$P$37,'TIME REPORT'!$A$6:$A$37,N$4,'TIME REPORT'!$E$6:$E$37,$B16)/60) | ... AK16: =IF($B16="","",SUMIFS('TIME REPORT'!$N$6:$N$37,'TIME REPORT'!$A$6:$A$37,AK$4,'TIME REPORT'!$E$6:$E$37,$B16)+SUMIFS('TIME REPORT'!$P$6:$P$37,'TIME REPORT'!$A$6:$A$37,AK$4,'TIME REPORT'!$E$6:$E$37,$B16)/60) | AL16: =SUM(G16:AK16) -> 0
A17: 12 | B17: {=IFERROR(INDEX(_xlfn._xlws.FILTER(ClientCodeList,COUNTIF('TIME REPORT'!$E$6:$E$37,ClientCodeList)>0),ROWS($B$6:B17)),"")} | D17: {=IF($B17="","",IFERROR(INDEX('TIME REPORT'!$H$6:$H$37,MATCH(1,('TIME REPORT'!$E$6:$E$37=$B17)*('TIME REPORT'!$H$6:$H$37<>""),0)),""))} | G17: =IF($B17="","",SUMIFS('TIME REPORT'!$N$6:$N$37,'TIME REPORT'!$A$6:$A$37,G$4,'TIME REPORT'!$E$6:$E$37,$B17)+SUMIFS('TIME REPORT'!$P$6:$P$37,'TIME REPORT'!$A$6:$A$37,G$4,'TIME REPORT'!$E$6:$E$37,$B17)/60) | H17: =IF($B17="","",SUMIFS('TIME REPORT'!$N$6:$N$37,'TIME REPORT'!$A$6:$A$37,H$4,'TIME REPORT'!$E$6:$E$37,$B17)+SUMIFS('TIME REPORT'!$P$6:$P$37,'TIME REPORT'!$A$6:$A$37,H$4,'TIME REPORT'!$E$6:$E$37,$B17)/60) | I17: =IF($B17="","",SUMIFS('TIME REPORT'!$N$6:$N$37,'TIME REPORT'!$A$6:$A$37,I$4,'TIME REPORT'!$E$6:$E$37,$B17)+SUMIFS('TIME REPORT'!$P$6:$P$37,'TIME REPORT'!$A$6:$A$37,I$4,'TIME REPORT'!$E$6:$E$37,$B17)/60) | J17: =IF($B17="","",SUMIFS('TIME REPORT'!$N$6:$N$37,'TIME REPORT'!$A$6:$A$37,J$4,'TIME REPORT'!$E$6:$E$37,$B17)+SUMIFS('TIME REPORT'!$P$6:$P$37,'TIME REPORT'!$A$6:$A$37,J$4,'TIME REPORT'!$E$6:$E$37,$B17)/60) | K17: =IF($B17="","",SUMIFS('TIME REPORT'!$N$6:$N$37,'TIME REPORT'!$A$6:$A$37,K$4,'TIME REPORT'!$E$6:$E$37,$B17)+SUMIFS('TIME REPORT'!$P$6:$P$37,'TIME REPORT'!$A$6:$A$37,K$4,'TIME REPORT'!$E$6:$E$37,$B17)/60) | L17: =IF($B17="","",SUMIFS('TIME REPORT'!$N$6:$N$37,'TIME REPORT'!$A$6:$A$37,L$4,'TIME REPORT'!$E$6:$E$37,$B17)+SUMIFS('TIME REPORT'!$P$6:$P$37,'TIME REPORT'!$A$6:$A$37,L$4,'TIME REPORT'!$E$6:$E$37,$B17)/60) | M17: =IF($B17="","",SUMIFS('TIME REPORT'!$N$6:$N$37,'TIME REPORT'!$A$6:$A$37,M$4,'TIME REPORT'!$E$6:$E$37,$B17)+SUMIFS('TIME REPORT'!$P$6:$P$37,'TIME REPORT'!$A$6:$A$37,M$4,'TIME REPORT'!$E$6:$E$37,$B17)/60) | N17: =IF($B17="","",SUMIFS('TIME REPORT'!$N$6:$N$37,'TIME REPORT'!$A$6:$A$37,N$4,'TIME REPORT'!$E$6:$E$37,$B17)+SUMIFS('TIME REPORT'!$P$6:$P$37,'TIME REPORT'!$A$6:$A$37,N$4,'TIME REPORT'!$E$6:$E$37,$B17)/60) | ... AK17: =IF($B17="","",SUMIFS('TIME REPORT'!$N$6:$N$37,'TIME REPORT'!$A$6:$A$37,AK$4,'TIME REPORT'!$E$6:$E$37,$B17)+SUMIFS('TIME REPORT'!$P$6:$P$37,'TIME REPORT'!$A$6:$A$37,AK$4,'TIME REPORT'!$E$6:$E$37,$B17)/60) | AL17: =SUM(G17:AK17) -> 0
... A21: 16 | B21: {=IFERROR(INDEX(_xlfn._xlws.FILTER(ClientCodeList,COUNTIF('TIME REPORT'!$E$6:$E$37,ClientCodeList)>0),ROWS($B$6:B21)),"")} | D21: {=IF($B21="","",IFERROR(INDEX('TIME REPORT'!$H$6:$H$37,MATCH(1,('TIME REPORT'!$E$6:$E$37=$B21)*('TIME REPORT'!$H$6:$H$37<>""),0)),""))} | G21: =IF($B21="","",SUMIFS('TIME REPORT'!$N$6:$N$37,'TIME REPORT'!$A$6:$A$37,G$4,'TIME REPORT'!$E$6:$E$37,$B21)+SUMIFS('TIME REPORT'!$P$6:$P$37,'TIME REPORT'!$A$6:$A$37,G$4,'TIME REPORT'!$E$6:$E$37,$B21)/60) | H21: =IF($B21="","",SUMIFS('TIME REPORT'!$N$6:$N$37,'TIME REPORT'!$A$6:$A$37,H$4,'TIME REPORT'!$E$6:$E$37,$B21)+SUMIFS('TIME REPORT'!$P$6:$P$37,'TIME REPORT'!$A$6:$A$37,H$4,'TIME REPORT'!$E$6:$E$37,$B21)/60) | I21: =IF($B21="","",SUMIFS('TIME REPORT'!$N$6:$N$37,'TIME REPORT'!$A$6:$A$37,I$4,'TIME REPORT'!$E$6:$E$37,$B21)+SUMIFS('TIME REPORT'!$P$6:$P$37,'TIME REPORT'!$A$6:$A$37,I$4,'TIME REPORT'!$E$6:$E$37,$B21)/60) | J21: =IF($B21="","",SUMIFS('TIME REPORT'!$N$6:$N$37,'TIME REPORT'!$A$6:$A$37,J$4,'TIME REPORT'!$E$6:$E$37,$B21)+SUMIFS('TIME REPORT'!$P$6:$P$37,'TIME REPORT'!$A$6:$A$37,J$4,'TIME REPORT'!$E$6:$E$37,$B21)/60) | K21: =IF($B21="","",SUMIFS('TIME REPORT'!$N$6:$N$37,'TIME REPORT'!$A$6:$A$37,K$4,'TIME REPORT'!$E$6:$E$37,$B21)+SUMIFS('TIME REPORT'!$P$6:$P$37,'TIME REPORT'!$A$6:$A$37,K$4,'TIME REPORT'!$E$6:$E$37,$B21)/60) | L21: =IF($B21="","",SUMIFS('TIME REPORT'!$N$6:$N$37,'TIME REPORT'!$A$6:$A$37,L$4,'TIME REPORT'!$E$6:$E$37,$B21)+SUMIFS('TIME REPORT'!$P$6:$P$37,'TIME REPORT'!$A$6:$A$37,L$4,'TIME REPORT'!$E$6:$E$37,$B21)/60) | M21: =IF($B21="","",SUMIFS('TIME REPORT'!$N$6:$N$37,'TIME REPORT'!$A$6:$A$37,M$4,'TIME REPORT'!$E$6:$E$37,$B21)+SUMIFS('TIME REPORT'!$P$6:$P$37,'TIME REPORT'!$A$6:$A$37,M$4,'TIME REPORT'!$E$6:$E$37,$B21)/60) | N21: =IF($B21="","",SUMIFS('TIME REPORT'!$N$6:$N$37,'TIME REPORT'!$A$6:$A$37,N$4,'TIME REPORT'!$E$6:$E$37,$B21)+SUMIFS('TIME REPORT'!$P$6:$P$37,'TIME REPORT'!$A$6:$A$37,N$4,'TIME REPORT'!$E$6:$E$37,$B21)/60) | ... AK21: =IF($B21="","",SUMIFS('TIME REPORT'!$N$6:$N$37,'TIME REPORT'!$A$6:$A$37,AK$4,'TIME REPORT'!$E$6:$E$37,$B21)+SUMIFS('TIME REPORT'!$P$6:$P$37,'TIME REPORT'!$A$6:$A$37,AK$4,'TIME REPORT'!$E$6:$E$37,$B21)/60) | AL21: =SUM(G21:AK21) -> 0
A22: TOTAL CHARGE-( A ) | G22: =SUM(G6:G21) -> 0 | H22: =SUM(H6:H21) -> 0 | I22: =SUM(I6:I21) -> 0 | J22: =SUM(J6:J21) -> 0 | K22: =SUM(K6:K21) -> 0 | L22: =SUM(L6:L21) -> 0 | M22: =SUM(M6:M21) -> 0 | N22: =SUM(N6:N21) -> 0 | ... AL22: =SUM(AL6:AL21) -> 0
A23: NON CHARGE
A24: 1. OFFICE (FIRM'S WORK) | G24: =IF("OFFICE"="","",SUMIFS('TIME REPORT'!$N$6:$N$37,'TIME REPORT'!$A$6:$A$37,G$4,'TIME REPORT'!$E$6:$E$37,"OFFICE")+SUMIFS('TIME REPORT'!$P$6:$P$37,'TIME REPORT'!$A$6:$A$37,G$4,'TIME REPORT'!$E$6:$E$37,"OFFICE")/60) -> 0 | H24: =IF("OFFICE"="","",SUMIFS('TIME REPORT'!$N$6:$N$37,'TIME REPORT'!$A$6:$A$37,H$4,'TIME REPORT'!$E$6:$E$37,"OFFICE")+SUMIFS('TIME REPORT'!$P$6:$P$37,'TIME REPORT'!$A$6:$A$37,H$4,'TIME REPORT'!$E$6:$E$37,"OFFICE")/60) -> 0 | I24: =IF("OFFICE"="","",SUMIFS('TIME REPORT'!$N$6:$N$37,'TIME REPORT'!$A$6:$A$37,I$4,'TIME REPORT'!$E$6:$E$37,"OFFICE")+SUMIFS('TIME REPORT'!$P$6:$P$37,'TIME REPORT'!$A$6:$A$37,I$4,'TIME REPORT'!$E$6:$E$37,"OFFICE")/60) -> 0 | J24: =IF("OFFICE"="","",SUMIFS('TIME REPORT'!$N$6:$N$37,'TIME REPORT'!$A$6:$A$37,J$4,'TIME REPORT'!$E$6:$E$37,"OFFICE")+SUMIFS('TIME REPORT'!$P$6:$P$37,'TIME REPORT'!$A$6:$A$37,J$4,'TIME REPORT'!$E$6:$E$37,"OFFICE")/60) -> 0 | K24: =IF("OFFICE"="","",SUMIFS('TIME REPORT'!$N$6:$N$37,'TIME REPORT'!$A$6:$A$37,K$4,'TIME REPORT'!$E$6:$E$37,"OFFICE")+SUMIFS('TIME REPORT'!$P$6:$P$37,'TIME REPORT'!$A$6:$A$37,K$4,'TIME REPORT'!$E$6:$E$37,"OFFICE")/60) -> 0 | L24: =IF("OFFICE"="","",SUMIFS('TIME REPORT'!$N$6:$N$37,'TIME REPORT'!$A$6:$A$37,L$4,'TIME REPORT'!$E$6:$E$37,"OFFICE")+SUMIFS('TIME REPORT'!$P$6:$P$37,'TIME REPORT'!$A$6:$A$37,L$4,'TIME REPORT'!$E$6:$E$37,"OFFICE")/60) -> 0 | M24: =IF("OFFICE"="","",SUMIFS('TIME REPORT'!$N$6:$N$37,'TIME REPORT'!$A$6:$A$37,M$4,'TIME REPORT'!$E$6:$E$37,"OFFICE")+SUMIFS('TIME REPORT'!$P$6:$P$37,'TIME REPORT'!$A$6:$A$37,M$4,'TIME REPORT'!$E$6:$E$37,"OFFICE")/60) -> 0 | N24: =IF("OFFICE"="","",SUMIFS('TIME REPORT'!$N$6:$N$37,'TIME REPORT'!$A$6:$A$37,N$4,'TIME REPORT'!$E$6:$E$37,"OFFICE")+SUMIFS('TIME REPORT'!$P$6:$P$37,'TIME REPORT'!$A$6:$A$37,N$4,'TIME REPORT'!$E$6:$E$37,"OFFICE")/60) -> 0 | ... AK24: =IF("OFFICE"="","",SUMIFS('TIME REPORT'!$N$6:$N$37,'TIME REPORT'!$A$6:$A$37,AK$4,'TIME REPORT'!$E$6:$E$37,"OFFICE")+SUMIFS('TIME REPORT'!$P$6:$P$37,'TIME REPORT'!$A$6:$A$37,AK$4,'TIME REPORT'!$E$6:$E$37,"OFFICE")/60) -> 0 | AL24: =SUM(G24:AK24) -> 0
A25: 2. ลาป่วย (SICK) | G25: =IF("ลาป่วย"="","",SUMIFS('TIME REPORT'!$N$6:$N$37,'TIME REPORT'!$A$6:$A$37,G$4,'TIME REPORT'!$E$6:$E$37,"ลาป่วย")+SUMIFS('TIME REPORT'!$P$6:$P$37,'TIME REPORT'!$A$6:$A$37,G$4,'TIME REPORT'!$E$6:$E$37,"ลาป่วย")/60) -> 0 | H25: =IF("ลาป่วย"="","",SUMIFS('TIME REPORT'!$N$6:$N$37,'TIME REPORT'!$A$6:$A$37,H$4,'TIME REPORT'!$E$6:$E$37,"ลาป่วย")+SUMIFS('TIME REPORT'!$P$6:$P$37,'TIME REPORT'!$A$6:$A$37,H$4,'TIME REPORT'!$E$6:$E$37,"ลาป่วย")/60) -> 0 | I25: =IF("ลาป่วย"="","",SUMIFS('TIME REPORT'!$N$6:$N$37,'TIME REPORT'!$A$6:$A$37,I$4,'TIME REPORT'!$E$6:$E$37,"ลาป่วย")+SUMIFS('TIME REPORT'!$P$6:$P$37,'TIME REPORT'!$A$6:$A$37,I$4,'TIME REPORT'!$E$6:$E$37,"ลาป่วย")/60) -> 0 | J25: =IF("ลาป่วย"="","",SUMIFS('TIME REPORT'!$N$6:$N$37,'TIME REPORT'!$A$6:$A$37,J$4,'TIME REPORT'!$E$6:$E$37,"ลาป่วย")+SUMIFS('TIME REPORT'!$P$6:$P$37,'TIME REPORT'!$A$6:$A$37,J$4,'TIME REPORT'!$E$6:$E$37,"ลาป่วย")/60) -> 0 | K25: =IF("ลาป่วย"="","",SUMIFS('TIME REPORT'!$N$6:$N$37,'TIME REPORT'!$A$6:$A$37,K$4,'TIME REPORT'!$E$6:$E$37,"ลาป่วย")+SUMIFS('TIME REPORT'!$P$6:$P$37,'TIME REPORT'!$A$6:$A$37,K$4,'TIME REPORT'!$E$6:$E$37,"ลาป่วย")/60) -> 0 | L25: =IF("ลาป่วย"="","",SUMIFS('TIME REPORT'!$N$6:$N$37,'TIME REPORT'!$A$6:$A$37,L$4,'TIME REPORT'!$E$6:$E$37,"ลาป่วย")+SUMIFS('TIME REPORT'!$P$6:$P$37,'TIME REPORT'!$A$6:$A$37,L$4,'TIME REPORT'!$E$6:$E$37,"ลาป่วย")/60) -> 0 | M25: =IF("ลาป่วย"="","",SUMIFS('TIME REPORT'!$N$6:$N$37,'TIME REPORT'!$A$6:$A$37,M$4,'TIME REPORT'!$E$6:$E$37,"ลาป่วย")+SUMIFS('TIME REPORT'!$P$6:$P$37,'TIME REPORT'!$A$6:$A$37,M$4,'TIME REPORT'!$E$6:$E$37,"ลาป่วย")/60) -> 0 | N25: =IF("ลาป่วย"="","",SUMIFS('TIME REPORT'!$N$6:$N$37,'TIME REPORT'!$A$6:$A$37,N$4,'TIME REPORT'!$E$6:$E$37,"ลาป่วย")+SUMIFS('TIME REPORT'!$P$6:$P$37,'TIME REPORT'!$A$6:$A$37,N$4,'TIME REPORT'!$E$6:$E$37,"ลาป่วย")/60) -> 0 | ... AK25: =IF("ลาป่วย"="","",SUMIFS('TIME REPORT'!$N$6:$N$37,'TIME REPORT'!$A$6:$A$37,AK$4,'TIME REPORT'!$E$6:$E$37,"ลาป่วย")+SUMIFS('TIME REPORT'!$P$6:$P$37,'TIME REPORT'!$A$6:$A$37,AK$4,'TIME REPORT'!$E$6:$E$37,"ลาป่วย")/60) -> 0 | AL25: =SUM(G25:AK25) -> 0
A26: 3. ลาพักร้อน (HOLIDAY) | G26: =IF("ลาพักร้อน"="","",SUMIFS('TIME REPORT'!$N$6:$N$37,'TIME REPORT'!$A$6:$A$37,G$4,'TIME REPORT'!$E$6:$E$37,"ลาพักร้อน")+SUMIFS('TIME REPORT'!$P$6:$P$37,'TIME REPORT'!$A$6:$A$37,G$4,'TIME REPORT'!$E$6:$E$37,"ลาพักร้อน")/60) -> 0 | H26: =IF("ลาพักร้อน"="","",SUMIFS('TIME REPORT'!$N$6:$N$37,'TIME REPORT'!$A$6:$A$37,H$4,'TIME REPORT'!$E$6:$E$37,"ลาพักร้อน")+SUMIFS('TIME REPORT'!$P$6:$P$37,'TIME REPORT'!$A$6:$A$37,H$4,'TIME REPORT'!$E$6:$E$37,"ลาพักร้อน")/60) -> 0 | I26: =IF("ลาพักร้อน"="","",SUMIFS('TIME REPORT'!$N$6:$N$37,'TIME REPORT'!$A$6:$A$37,I$4,'TIME REPORT'!$E$6:$E$37,"ลาพักร้อน")+SUMIFS('TIME REPORT'!$P$6:$P$37,'TIME REPORT'!$A$6:$A$37,I$4,'TIME REPORT'!$E$6:$E$37,"ลาพักร้อน")/60) -> 0 | J26: =IF("ลาพักร้อน"="","",SUMIFS('TIME REPORT'!$N$6:$N$37,'TIME REPORT'!$A$6:$A$37,J$4,'TIME REPORT'!$E$6:$E$37,"ลาพักร้อน")+SUMIFS('TIME REPORT'!$P$6:$P$37,'TIME REPORT'!$A$6:$A$37,J$4,'TIME REPORT'!$E$6:$E$37,"ลาพักร้อน")/60) -> 0 | K26: =IF("ลาพักร้อน"="","",SUMIFS('TIME REPORT'!$N$6:$N$37,'TIME REPORT'!$A$6:$A$37,K$4,'TIME REPORT'!$E$6:$E$37,"ลาพักร้อน")+SUMIFS('TIME REPORT'!$P$6:$P$37,'TIME REPORT'!$A$6:$A$37,K$4,'TIME REPORT'!$E$6:$E$37,"ลาพักร้อน")/60) -> 0 | L26: =IF("ลาพักร้อน"="","",SUMIFS('TIME REPORT'!$N$6:$N$37,'TIME REPORT'!$A$6:$A$37,L$4,'TIME REPORT'!$E$6:$E$37,"ลาพักร้อน")+SUMIFS('TIME REPORT'!$P$6:$P$37,'TIME REPORT'!$A$6:$A$37,L$4,'TIME REPORT'!$E$6:$E$37,"ลาพักร้อน")/60) -> 0 | M26: =IF("ลาพักร้อน"="","",SUMIFS('TIME REPORT'!$N$6:$N$37,'TIME REPORT'!$A$6:$A$37,M$4,'TIME REPORT'!$E$6:$E$37,"ลาพักร้อน")+SUMIFS('TIME REPORT'!$P$6:$P$37,'TIME REPORT'!$A$6:$A$37,M$4,'TIME REPORT'!$E$6:$E$37,"ลาพักร้อน")/60) -> 0 | N26: =IF("ลาพักร้อน"="","",SUMIFS('TIME REPORT'!$N$6:$N$37,'TIME REPORT'!$A$6:$A$37,N$4,'TIME REPORT'!$E$6:$E$37,"ลาพักร้อน")+SUMIFS('TIME REPORT'!$P$6:$P$37,'TIME REPORT'!$A$6:$A$37,N$4,'TIME REPORT'!$E$6:$E$37,"ลาพักร้อน")/60) -> 0 | ... AK26: =IF("ลาพักร้อน"="","",SUMIFS('TIME REPORT'!$N$6:$N$37,'TIME REPORT'!$A$6:$A$37,AK$4,'TIME REPORT'!$E$6:$E$37,"ลาพักร้อน")+SUMIFS('TIME REPORT'!$P$6:$P$37,'TIME REPORT'!$A$6:$A$37,AK$4,'TIME REPORT'!$E$6:$E$37,"ลาพักร้อน")/60) -> 0 | AL26: =SUM(G26:AK26) -> 0
A27: 4. อบรม (TRAINING) | G27: =IF("อบรม"="","",SUMIFS('TIME REPORT'!$N$6:$N$37,'TIME REPORT'!$A$6:$A$37,G$4,'TIME REPORT'!$E$6:$E$37,"อบรม")+SUMIFS('TIME REPORT'!$P$6:$P$37,'TIME REPORT'!$A$6:$A$37,G$4,'TIME REPORT'!$E$6:$E$37,"อบรม")/60) -> 0 | H27: =IF("อบรม"="","",SUMIFS('TIME REPORT'!$N$6:$N$37,'TIME REPORT'!$A$6:$A$37,H$4,'TIME REPORT'!$E$6:$E$37,"อบรม")+SUMIFS('TIME REPORT'!$P$6:$P$37,'TIME REPORT'!$A$6:$A$37,H$4,'TIME REPORT'!$E$6:$E$37,"อบรม")/60) -> 0 | I27: =IF("อบรม"="","",SUMIFS('TIME REPORT'!$N$6:$N$37,'TIME REPORT'!$A$6:$A$37,I$4,'TIME REPORT'!$E$6:$E$37,"อบรม")+SUMIFS('TIME REPORT'!$P$6:$P$37,'TIME REPORT'!$A$6:$A$37,I$4,'TIME REPORT'!$E$6:$E$37,"อบรม")/60) -> 0 | J27: =IF("อบรม"="","",SUMIFS('TIME REPORT'!$N$6:$N$37,'TIME REPORT'!$A$6:$A$37,J$4,'TIME REPORT'!$E$6:$E$37,"อบรม")+SUMIFS('TIME REPORT'!$P$6:$P$37,'TIME REPORT'!$A$6:$A$37,J$4,'TIME REPORT'!$E$6:$E$37,"อบรม")/60) -> 0 | K27: =IF("อบรม"="","",SUMIFS('TIME REPORT'!$N$6:$N$37,'TIME REPORT'!$A$6:$A$37,K$4,'TIME REPORT'!$E$6:$E$37,"อบรม")+SUMIFS('TIME REPORT'!$P$6:$P$37,'TIME REPORT'!$A$6:$A$37,K$4,'TIME REPORT'!$E$6:$E$37,"อบรม")/60) -> 0 | L27: =IF("อบรม"="","",SUMIFS('TIME REPORT'!$N$6:$N$37,'TIME REPORT'!$A$6:$A$37,L$4,'TIME REPORT'!$E$6:$E$37,"อบรม")+SUMIFS('TIME REPORT'!$P$6:$P$37,'TIME REPORT'!$A$6:$A$37,L$4,'TIME REPORT'!$E$6:$E$37,"อบรม")/60) -> 0 | M27: =IF("อบรม"="","",SUMIFS('TIME REPORT'!$N$6:$N$37,'TIME REPORT'!$A$6:$A$37,M$4,'TIME REPORT'!$E$6:$E$37,"อบรม")+SUMIFS('TIME REPORT'!$P$6:$P$37,'TIME REPORT'!$A$6:$A$37,M$4,'TIME REPORT'!$E$6:$E$37,"อบรม")/60) -> 0 | N27: =IF("อบรม"="","",SUMIFS('TIME REPORT'!$N$6:$N$37,'TIME REPORT'!$A$6:$A$37,N$4,'TIME REPORT'!$E$6:$E$37,"อบรม")+SUMIFS('TIME REPORT'!$P$6:$P$37,'TIME REPORT'!$A$6:$A$37,N$4,'TIME REPORT'!$E$6:$E$37,"อบรม")/60) -> 0 | ... AK27: =IF("อบรม"="","",SUMIFS('TIME REPORT'!$N$6:$N$37,'TIME REPORT'!$A$6:$A$37,AK$4,'TIME REPORT'!$E$6:$E$37,"อบรม")+SUMIFS('TIME REPORT'!$P$6:$P$37,'TIME REPORT'!$A$6:$A$37,AK$4,'TIME REPORT'!$E$6:$E$37,"อบรม")/60) -> 0 | AL27: =SUM(G27:AK27) -> 0
A28: 5. ลา OT สะสม (OT ACCUMULATED) | G28: =IF("ลา OT สะสม"="","",SUMIFS('TIME REPORT'!$N$6:$N$37,'TIME REPORT'!$A$6:$A$37,G$4,'TIME REPORT'!$E$6:$E$37,"ลา OT สะสม")+SUMIFS('TIME REPORT'!$P$6:$P$37,'TIME REPORT'!$A$6:$A$37,G$4,'TIME REPORT'!$E$6:$E$37,"ลา OT สะสม")/60) -> 0 | H28: =IF("ลา OT สะสม"="","",SUMIFS('TIME REPORT'!$N$6:$N$37,'TIME REPORT'!$A$6:$A$37,H$4,'TIME REPORT'!$E$6:$E$37,"ลา OT สะสม")+SUMIFS('TIME REPORT'!$P$6:$P$37,'TIME REPORT'!$A$6:$A$37,H$4,'TIME REPORT'!$E$6:$E$37,"ลา OT สะสม")/60) -> 0 | I28: =IF("ลา OT สะสม"="","",SUMIFS('TIME REPORT'!$N$6:$N$37,'TIME REPORT'!$A$6:$A$37,I$4,'TIME REPORT'!$E$6:$E$37,"ลา OT สะสม")+SUMIFS('TIME REPORT'!$P$6:$P$37,'TIME REPORT'!$A$6:$A$37,I$4,'TIME REPORT'!$E$6:$E$37,"ลา OT สะสม")/60) -> 0 | J28: =IF("ลา OT สะสม"="","",SUMIFS('TIME REPORT'!$N$6:$N$37,'TIME REPORT'!$A$6:$A$37,J$4,'TIME REPORT'!$E$6:$E$37,"ลา OT สะสม")+SUMIFS('TIME REPORT'!$P$6:$P$37,'TIME REPORT'!$A$6:$A$37,J$4,'TIME REPORT'!$E$6:$E$37,"ลา OT สะสม")/60) -> 0 | K28: =IF("ลา OT สะสม"="","",SUMIFS('TIME REPORT'!$N$6:$N$37,'TIME REPORT'!$A$6:$A$37,K$4,'TIME REPORT'!$E$6:$E$37,"ลา OT สะสม")+SUMIFS('TIME REPORT'!$P$6:$P$37,'TIME REPORT'!$A$6:$A$37,K$4,'TIME REPORT'!$E$6:$E$37,"ลา OT สะสม")/60) -> 0 | L28: =IF("ลา OT สะสม"="","",SUMIFS('TIME REPORT'!$N$6:$N$37,'TIME REPORT'!$A$6:$A$37,L$4,'TIME REPORT'!$E$6:$E$37,"ลา OT สะสม")+SUMIFS('TIME REPORT'!$P$6:$P$37,'TIME REPORT'!$A$6:$A$37,L$4,'TIME REPORT'!$E$6:$E$37,"ลา OT สะสม")/60) -> 0 | M28: =IF("ลา OT สะสม"="","",SUMIFS('TIME REPORT'!$N$6:$N$37,'TIME REPORT'!$A$6:$A$37,M$4,'TIME REPORT'!$E$6:$E$37,"ลา OT สะสม")+SUMIFS('TIME REPORT'!$P$6:$P$37,'TIME REPORT'!$A$6:$A$37,M$4,'TIME REPORT'!$E$6:$E$37,"ลา OT สะสม")/60) -> 0 | N28: =IF("ลา OT สะสม"="","",SUMIFS('TIME REPORT'!$N$6:$N$37,'TIME REPORT'!$A$6:$A$37,N$4,'TIME REPORT'!$E$6:$E$37,"ลา OT สะสม")+SUMIFS('TIME REPORT'!$P$6:$P$37,'TIME REPORT'!$A$6:$A$37,N$4,'TIME REPORT'!$E$6:$E$37,"ลา OT สะสม")/60) -> 0 | ... AK28: =IF("ลา OT สะสม"="","",SUMIFS('TIME REPORT'!$N$6:$N$37,'TIME REPORT'!$A$6:$A$37,AK$4,'TIME REPORT'!$E$6:$E$37,"ลา OT สะสม")+SUMIFS('TIME REPORT'!$P$6:$P$37,'TIME REPORT'!$A$6:$A$37,AK$4,'TIME REPORT'!$E$6:$E$37,"ลา OT สะสม")/60) -> 0 | AL28: =SUM(G28:AK28) -> 0
A29: 6. ลากิจ (PERSONAL LEAVE) | G29: =IF("ลากิจ"="","",SUMIFS('TIME REPORT'!$N$6:$N$37,'TIME REPORT'!$A$6:$A$37,G$4,'TIME REPORT'!$E$6:$E$37,"ลากิจ")+SUMIFS('TIME REPORT'!$P$6:$P$37,'TIME REPORT'!$A$6:$A$37,G$4,'TIME REPORT'!$E$6:$E$37,"ลากิจ")/60) -> 0 | H29: =IF("ลากิจ"="","",SUMIFS('TIME REPORT'!$N$6:$N$37,'TIME REPORT'!$A$6:$A$37,H$4,'TIME REPORT'!$E$6:$E$37,"ลากิจ")+SUMIFS('TIME REPORT'!$P$6:$P$37,'TIME REPORT'!$A$6:$A$37,H$4,'TIME REPORT'!$E$6:$E$37,"ลากิจ")/60) -> 0 | I29: =IF("ลากิจ"="","",SUMIFS('TIME REPORT'!$N$6:$N$37,'TIME REPORT'!$A$6:$A$37,I$4,'TIME REPORT'!$E$6:$E$37,"ลากิจ")+SUMIFS('TIME REPORT'!$P$6:$P$37,'TIME REPORT'!$A$6:$A$37,I$4,'TIME REPORT'!$E$6:$E$37,"ลากิจ")/60) -> 0 | J29: =IF("ลากิจ"="","",SUMIFS('TIME REPORT'!$N$6:$N$37,'TIME REPORT'!$A$6:$A$37,J$4,'TIME REPORT'!$E$6:$E$37,"ลากิจ")+SUMIFS('TIME REPORT'!$P$6:$P$37,'TIME REPORT'!$A$6:$A$37,J$4,'TIME REPORT'!$E$6:$E$37,"ลากิจ")/60) -> 0 | K29: =IF("ลากิจ"="","",SUMIFS('TIME REPORT'!$N$6:$N$37,'TIME REPORT'!$A$6:$A$37,K$4,'TIME REPORT'!$E$6:$E$37,"ลากิจ")+SUMIFS('TIME REPORT'!$P$6:$P$37,'TIME REPORT'!$A$6:$A$37,K$4,'TIME REPORT'!$E$6:$E$37,"ลากิจ")/60) -> 0 | L29: =IF("ลากิจ"="","",SUMIFS('TIME REPORT'!$N$6:$N$37,'TIME REPORT'!$A$6:$A$37,L$4,'TIME REPORT'!$E$6:$E$37,"ลากิจ")+SUMIFS('TIME REPORT'!$P$6:$P$37,'TIME REPORT'!$A$6:$A$37,L$4,'TIME REPORT'!$E$6:$E$37,"ลากิจ")/60) -> 0 | M29: =IF("ลากิจ"="","",SUMIFS('TIME REPORT'!$N$6:$N$37,'TIME REPORT'!$A$6:$A$37,M$4,'TIME REPORT'!$E$6:$E$37,"ลากิจ")+SUMIFS('TIME REPORT'!$P$6:$P$37,'TIME REPORT'!$A$6:$A$37,M$4,'TIME REPORT'!$E$6:$E$37,"ลากิจ")/60) -> 0 | N29: =IF("ลากิจ"="","",SUMIFS('TIME REPORT'!$N$6:$N$37,'TIME REPORT'!$A$6:$A$37,N$4,'TIME REPORT'!$E$6:$E$37,"ลากิจ")+SUMIFS('TIME REPORT'!$P$6:$P$37,'TIME REPORT'!$A$6:$A$37,N$4,'TIME REPORT'!$E$6:$E$37,"ลากิจ")/60) -> 0 | ... AK29: =IF("ลากิจ"="","",SUMIFS('TIME REPORT'!$N$6:$N$37,'TIME REPORT'!$A$6:$A$37,AK$4,'TIME REPORT'!$E$6:$E$37,"ลากิจ")+SUMIFS('TIME REPORT'!$P$6:$P$37,'TIME REPORT'!$A$6:$A$37,AK$4,'TIME REPORT'!$E$6:$E$37,"ลากิจ")/60) -> 0 | AL29: =SUM(G29:AK29) -> 0
A30: TOTAL NON CHARGE-( B ) | G30: =SUM(G24:G29) -> 0 | H30: =SUM(H24:H29) -> 0 | I30: =SUM(I24:I29) -> 0 | J30: =SUM(J24:J29) -> 0 | K30: =SUM(K24:K29) -> 0 | L30: =SUM(L24:L29) -> 0 | M30: =SUM(M24:M29) -> 0 | N30: =SUM(N24:N29) -> 0 | ... AL30: =SUM(AL24:AL29) -> 0
A31: OVER TIME-( C ) | G31: =IF(COUNTIFS('TIME REPORT'!$A$6:$A$37,G$4,'TIME REPORT'!$Q$6:$Q$37,"O.T.")=0,"",IF(OR(WEEKDAY(DATE(HOLIDAYS!$E$3,HOLIDAYS!$E$2,G$4),2)>=6,COUNTIF(HOLIDAYS!$A$5:$A$199,DATE(HOLIDAYS!$E$3,HOLIDAYS!$E$2,G$4))>0),SUMIFS('TIME REPORT'!$N$6:$N$37,'TIME REPORT'!$A$6:$A$37,G$4)+SUMIFS('TIME REPORT'!$P$6:$P$37,'TIME REPORT'!$A$6:$A$37,G$4)/60,MAX(0,SUMIFS('TIME REPORT'!$N$6:$N$37,'TIME REPORT'!$A$6:$A$37,G$4)+SUMIFS('TIME REPORT'!$P$6:$P$37,'TIME REPORT'!$A$6:$A$37,G$4)/60-$AO$1))) | H31: =IF(COUNTIFS('TIME REPORT'!$A$6:$A$37,H$4,'TIME REPORT'!$Q$6:$Q$37,"O.T.")=0,"",IF(OR(WEEKDAY(DATE(HOLIDAYS!$E$3,HOLIDAYS!$E$2,H$4),2)>=6,COUNTIF(HOLIDAYS!$A$5:$A$199,DATE(HOLIDAYS!$E$3,HOLIDAYS!$E$2,H$4))>0),SUMIFS('TIME REPORT'!$N$6:$N$37,'TIME REPORT'!$A$6:$A$37,H$4)+SUMIFS('TIME REPORT'!$P$6:$P$37,'TIME REPORT'!$A$6:$A$37,H$4)/60,MAX(0,SUMIFS('TIME REPORT'!$N$6:$N$37,'TIME REPORT'!$A$6:$A$37,H$4)+SUMIFS('TIME REPORT'!$P$6:$P$37,'TIME REPORT'!$A$6:$A$37,H$4)/60-$AO$1))) | I31: =IF(COUNTIFS('TIME REPORT'!$A$6:$A$37,I$4,'TIME REPORT'!$Q$6:$Q$37,"O.T.")=0,"",IF(OR(WEEKDAY(DATE(HOLIDAYS!$E$3,HOLIDAYS!$E$2,I$4),2)>=6,COUNTIF(HOLIDAYS!$A$5:$A$199,DATE(HOLIDAYS!$E$3,HOLIDAYS!$E$2,I$4))>0),SUMIFS('TIME REPORT'!$N$6:$N$37,'TIME REPORT'!$A$6:$A$37,I$4)+SUMIFS('TIME REPORT'!$P$6:$P$37,'TIME REPORT'!$A$6:$A$37,I$4)/60,MAX(0,SUMIFS('TIME REPORT'!$N$6:$N$37,'TIME REPORT'!$A$6:$A$37,I$4)+SUMIFS('TIME REPORT'!$P$6:$P$37,'TIME REPORT'!$A$6:$A$37,I$4)/60-$AO$1))) | J31: =IF(COUNTIFS('TIME REPORT'!$A$6:$A$37,J$4,'TIME REPORT'!$Q$6:$Q$37,"O.T.")=0,"",IF(OR(WEEKDAY(DATE(HOLIDAYS!$E$3,HOLIDAYS!$E$2,J$4),2)>=6,COUNTIF(HOLIDAYS!$A$5:$A$199,DATE(HOLIDAYS!$E$3,HOLIDAYS!$E$2,J$4))>0),SUMIFS('TIME REPORT'!$N$6:$N$37,'TIME REPORT'!$A$6:$A$37,J$4)+SUMIFS('TIME REPORT'!$P$6:$P$37,'TIME REPORT'!$A$6:$A$37,J$4)/60,MAX(0,SUMIFS('TIME REPORT'!$N$6:$N$37,'TIME REPORT'!$A$6:$A$37,J$4)+SUMIFS('TIME REPORT'!$P$6:$P$37,'TIME REPORT'!$A$6:$A$37,J$4)/60-$AO$1))) | K31: =IF(COUNTIFS('TIME REPORT'!$A$6:$A$37,K$4,'TIME REPORT'!$Q$6:$Q$37,"O.T.")=0,"",IF(OR(WEEKDAY(DATE(HOLIDAYS!$E$3,HOLIDAYS!$E$2,K$4),2)>=6,COUNTIF(HOLIDAYS!$A$5:$A$199,DATE(HOLIDAYS!$E$3,HOLIDAYS!$E$2,K$4))>0),SUMIFS('TIME REPORT'!$N$6:$N$37,'TIME REPORT'!$A$6:$A$37,K$4)+SUMIFS('TIME REPORT'!$P$6:$P$37,'TIME REPORT'!$A$6:$A$37,K$4)/60,MAX(0,SUMIFS('TIME REPORT'!$N$6:$N$37,'TIME REPORT'!$A$6:$A$37,K$4)+SUMIFS('TIME REPORT'!$P$6:$P$37,'TIME REPORT'!$A$6:$A$37,K$4)/60-$AO$1))) | L31: =IF(COUNTIFS('TIME REPORT'!$A$6:$A$37,L$4,'TIME REPORT'!$Q$6:$Q$37,"O.T.")=0,"",IF(OR(WEEKDAY(DATE(HOLIDAYS!$E$3,HOLIDAYS!$E$2,L$4),2)>=6,COUNTIF(HOLIDAYS!$A$5:$A$199,DATE(HOLIDAYS!$E$3,HOLIDAYS!$E$2,L$4))>0),SUMIFS('TIME REPORT'!$N$6:$N$37,'TIME REPORT'!$A$6:$A$37,L$4)+SUMIFS('TIME REPORT'!$P$6:$P$37,'TIME REPORT'!$A$6:$A$37,L$4)/60,MAX(0,SUMIFS('TIME REPORT'!$N$6:$N$37,'TIME REPORT'!$A$6:$A$37,L$4)+SUMIFS('TIME REPORT'!$P$6:$P$37,'TIME REPORT'!$A$6:$A$37,L$4)/60-$AO$1))) | M31: =IF(COUNTIFS('TIME REPORT'!$A$6:$A$37,M$4,'TIME REPORT'!$Q$6:$Q$37,"O.T.")=0,"",IF(OR(WEEKDAY(DATE(HOLIDAYS!$E$3,HOLIDAYS!$E$2,M$4),2)>=6,COUNTIF(HOLIDAYS!$A$5:$A$199,DATE(HOLIDAYS!$E$3,HOLIDAYS!$E$2,M$4))>0),SUMIFS('TIME REPORT'!$N$6:$N$37,'TIME REPORT'!$A$6:$A$37,M$4)+SUMIFS('TIME REPORT'!$P$6:$P$37,'TIME REPORT'!$A$6:$A$37,M$4)/60,MAX(0,SUMIFS('TIME REPORT'!$N$6:$N$37,'TIME REPORT'!$A$6:$A$37,M$4)+SUMIFS('TIME REPORT'!$P$6:$P$37,'TIME REPORT'!$A$6:$A$37,M$4)/60-$AO$1))) | N31: =IF(COUNTIFS('TIME REPORT'!$A$6:$A$37,N$4,'TIME REPORT'!$Q$6:$Q$37,"O.T.")=0,"",IF(OR(WEEKDAY(DATE(HOLIDAYS!$E$3,HOLIDAYS!$E$2,N$4),2)>=6,COUNTIF(HOLIDAYS!$A$5:$A$199,DATE(HOLIDAYS!$E$3,HOLIDAYS!$E$2,N$4))>0),SUMIFS('TIME REPORT'!$N$6:$N$37,'TIME REPORT'!$A$6:$A$37,N$4)+SUMIFS('TIME REPORT'!$P$6:$P$37,'TIME REPORT'!$A$6:$A$37,N$4)/60,MAX(0,SUMIFS('TIME REPORT'!$N$6:$N$37,'TIME REPORT'!$A$6:$A$37,N$4)+SUMIFS('TIME REPORT'!$P$6:$P$37,'TIME REPORT'!$A$6:$A$37,N$4)/60-$AO$1))) | ... AK31: =IF(COUNTIFS('TIME REPORT'!$A$6:$A$37,AK$4,'TIME REPORT'!$Q$6:$Q$37,"O.T.")=0,"",IF(OR(WEEKDAY(DATE(HOLIDAYS!$E$3,HOLIDAYS!$E$2,AK$4),2)>=6,COUNTIF(HOLIDAYS!$A$5:$A$199,DATE(HOLIDAYS!$E$3,HOLIDAYS!$E$2,AK$4))>0),SUMIFS('TIME REPORT'!$N$6:$N$37,'TIME REPORT'!$A$6:$A$37,AK$4)+SUMIFS('TIME REPORT'!$P$6:$P$37,'TIME REPORT'!$A$6:$A$37,AK$4)/60,MAX(0,SUMIFS('TIME REPORT'!$N$6:$N$37,'TIME REPORT'!$A$6:$A$37,AK$4)+SUMIFS('TIME REPORT'!$P$6:$P$37,'TIME REPORT'!$A$6:$A$37,AK$4)/60-$AO$1))) | AL31: =SUM(G31:AK31) -> 0
A32: EXTRA HOURS-( D ) | G32: =IF(COUNTIFS('TIME REPORT'!$A$6:$A$37,G$4,'TIME REPORT'!$Q$6:$Q$37,"Extra Hours")=0,"",IF(OR(WEEKDAY(DATE(HOLIDAYS!$E$3,HOLIDAYS!$E$2,G$4),2)>=6,COUNTIF(HOLIDAYS!$A$5:$A$199,DATE(HOLIDAYS!$E$3,HOLIDAYS!$E$2,G$4))>0),SUMIFS('TIME REPORT'!$N$6:$N$37,'TIME REPORT'!$A$6:$A$37,G$4)+SUMIFS('TIME REPORT'!$P$6:$P$37,'TIME REPORT'!$A$6:$A$37,G$4)/60,MAX(0,SUMIFS('TIME REPORT'!$N$6:$N$37,'TIME REPORT'!$A$6:$A$37,G$4)+SUMIFS('TIME REPORT'!$P$6:$P$37,'TIME REPORT'!$A$6:$A$37,G$4)/60-$AO$1))) | H32: =IF(COUNTIFS('TIME REPORT'!$A$6:$A$37,H$4,'TIME REPORT'!$Q$6:$Q$37,"Extra Hours")=0,"",IF(OR(WEEKDAY(DATE(HOLIDAYS!$E$3,HOLIDAYS!$E$2,H$4),2)>=6,COUNTIF(HOLIDAYS!$A$5:$A$199,DATE(HOLIDAYS!$E$3,HOLIDAYS!$E$2,H$4))>0),SUMIFS('TIME REPORT'!$N$6:$N$37,'TIME REPORT'!$A$6:$A$37,H$4)+SUMIFS('TIME REPORT'!$P$6:$P$37,'TIME REPORT'!$A$6:$A$37,H$4)/60,MAX(0,SUMIFS('TIME REPORT'!$N$6:$N$37,'TIME REPORT'!$A$6:$A$37,H$4)+SUMIFS('TIME REPORT'!$P$6:$P$37,'TIME REPORT'!$A$6:$A$37,H$4)/60-$AO$1))) | I32: =IF(COUNTIFS('TIME REPORT'!$A$6:$A$37,I$4,'TIME REPORT'!$Q$6:$Q$37,"Extra Hours")=0,"",IF(OR(WEEKDAY(DATE(HOLIDAYS!$E$3,HOLIDAYS!$E$2,I$4),2)>=6,COUNTIF(HOLIDAYS!$A$5:$A$199,DATE(HOLIDAYS!$E$3,HOLIDAYS!$E$2,I$4))>0),SUMIFS('TIME REPORT'!$N$6:$N$37,'TIME REPORT'!$A$6:$A$37,I$4)+SUMIFS('TIME REPORT'!$P$6:$P$37,'TIME REPORT'!$A$6:$A$37,I$4)/60,MAX(0,SUMIFS('TIME REPORT'!$N$6:$N$37,'TIME REPORT'!$A$6:$A$37,I$4)+SUMIFS('TIME REPORT'!$P$6:$P$37,'TIME REPORT'!$A$6:$A$37,I$4)/60-$AO$1))) | J32: =IF(COUNTIFS('TIME REPORT'!$A$6:$A$37,J$4,'TIME REPORT'!$Q$6:$Q$37,"Extra Hours")=0,"",IF(OR(WEEKDAY(DATE(HOLIDAYS!$E$3,HOLIDAYS!$E$2,J$4),2)>=6,COUNTIF(HOLIDAYS!$A$5:$A$199,DATE(HOLIDAYS!$E$3,HOLIDAYS!$E$2,J$4))>0),SUMIFS('TIME REPORT'!$N$6:$N$37,'TIME REPORT'!$A$6:$A$37,J$4)+SUMIFS('TIME REPORT'!$P$6:$P$37,'TIME REPORT'!$A$6:$A$37,J$4)/60,MAX(0,SUMIFS('TIME REPORT'!$N$6:$N$37,'TIME REPORT'!$A$6:$A$37,J$4)+SUMIFS('TIME REPORT'!$P$6:$P$37,'TIME REPORT'!$A$6:$A$37,J$4)/60-$AO$1))) | K32: =IF(COUNTIFS('TIME REPORT'!$A$6:$A$37,K$4,'TIME REPORT'!$Q$6:$Q$37,"Extra Hours")=0,"",IF(OR(WEEKDAY(DATE(HOLIDAYS!$E$3,HOLIDAYS!$E$2,K$4),2)>=6,COUNTIF(HOLIDAYS!$A$5:$A$199,DATE(HOLIDAYS!$E$3,HOLIDAYS!$E$2,K$4))>0),SUMIFS('TIME REPORT'!$N$6:$N$37,'TIME REPORT'!$A$6:$A$37,K$4)+SUMIFS('TIME REPORT'!$P$6:$P$37,'TIME REPORT'!$A$6:$A$37,K$4)/60,MAX(0,SUMIFS('TIME REPORT'!$N$6:$N$37,'TIME REPORT'!$A$6:$A$37,K$4)+SUMIFS('TIME REPORT'!$P$6:$P$37,'TIME REPORT'!$A$6:$A$37,K$4)/60-$AO$1))) | L32: =IF(COUNTIFS('TIME REPORT'!$A$6:$A$37,L$4,'TIME REPORT'!$Q$6:$Q$37,"Extra Hours")=0,"",IF(OR(WEEKDAY(DATE(HOLIDAYS!$E$3,HOLIDAYS!$E$2,L$4),2)>=6,COUNTIF(HOLIDAYS!$A$5:$A$199,DATE(HOLIDAYS!$E$3,HOLIDAYS!$E$2,L$4))>0),SUMIFS('TIME REPORT'!$N$6:$N$37,'TIME REPORT'!$A$6:$A$37,L$4)+SUMIFS('TIME REPORT'!$P$6:$P$37,'TIME REPORT'!$A$6:$A$37,L$4)/60,MAX(0,SUMIFS('TIME REPORT'!$N$6:$N$37,'TIME REPORT'!$A$6:$A$37,L$4)+SUMIFS('TIME REPORT'!$P$6:$P$37,'TIME REPORT'!$A$6:$A$37,L$4)/60-$AO$1))) | M32: =IF(COUNTIFS('TIME REPORT'!$A$6:$A$37,M$4,'TIME REPORT'!$Q$6:$Q$37,"Extra Hours")=0,"",IF(OR(WEEKDAY(DATE(HOLIDAYS!$E$3,HOLIDAYS!$E$2,M$4),2)>=6,COUNTIF(HOLIDAYS!$A$5:$A$199,DATE(HOLIDAYS!$E$3,HOLIDAYS!$E$2,M$4))>0),SUMIFS('TIME REPORT'!$N$6:$N$37,'TIME REPORT'!$A$6:$A$37,M$4)+SUMIFS('TIME REPORT'!$P$6:$P$37,'TIME REPORT'!$A$6:$A$37,M$4)/60,MAX(0,SUMIFS('TIME REPORT'!$N$6:$N$37,'TIME REPORT'!$A$6:$A$37,M$4)+SUMIFS('TIME REPORT'!$P$6:$P$37,'TIME REPORT'!$A$6:$A$37,M$4)/60-$AO$1))) | N32: =IF(COUNTIFS('TIME REPORT'!$A$6:$A$37,N$4,'TIME REPORT'!$Q$6:$Q$37,"Extra Hours")=0,"",IF(OR(WEEKDAY(DATE(HOLIDAYS!$E$3,HOLIDAYS!$E$2,N$4),2)>=6,COUNTIF(HOLIDAYS!$A$5:$A$199,DATE(HOLIDAYS!$E$3,HOLIDAYS!$E$2,N$4))>0),SUMIFS('TIME REPORT'!$N$6:$N$37,'TIME REPORT'!$A$6:$A$37,N$4)+SUMIFS('TIME REPORT'!$P$6:$P$37,'TIME REPORT'!$A$6:$A$37,N$4)/60,MAX(0,SUMIFS('TIME REPORT'!$N$6:$N$37,'TIME REPORT'!$A$6:$A$37,N$4)+SUMIFS('TIME REPORT'!$P$6:$P$37,'TIME REPORT'!$A$6:$A$37,N$4)/60-$AO$1))) | ... AK32: =IF(COUNTIFS('TIME REPORT'!$A$6:$A$37,AK$4,'TIME REPORT'!$Q$6:$Q$37,"Extra Hours")=0,"",IF(OR(WEEKDAY(DATE(HOLIDAYS!$E$3,HOLIDAYS!$E$2,AK$4),2)>=6,COUNTIF(HOLIDAYS!$A$5:$A$199,DATE(HOLIDAYS!$E$3,HOLIDAYS!$E$2,AK$4))>0),SUMIFS('TIME REPORT'!$N$6:$N$37,'TIME REPORT'!$A$6:$A$37,AK$4)+SUMIFS('TIME REPORT'!$P$6:$P$37,'TIME REPORT'!$A$6:$A$37,AK$4)/60,MAX(0,SUMIFS('TIME REPORT'!$N$6:$N$37,'TIME REPORT'!$A$6:$A$37,AK$4)+SUMIFS('TIME REPORT'!$P$6:$P$37,'TIME REPORT'!$A$6:$A$37,AK$4)/60-$AO$1))) | AL32: =SUM(G32:AK32) -> 0
A33: STANDARDS (A+B)-( C )-( D ) | G33: =IF(SUM(G22,G30)=0,"",SUM(G22,G30)-SUM(G31:G32)) | H33: =IF(SUM(H22,H30)=0,"",SUM(H22,H30)-SUM(H31:H32)) | I33: =IF(SUM(I22,I30)=0,"",SUM(I22,I30)-SUM(I31:I32)) | J33: =IF(SUM(J22,J30)=0,"",SUM(J22,J30)-SUM(J31:J32)) | K33: =IF(SUM(K22,K30)=0,"",SUM(K22,K30)-SUM(K31:K32)) | L33: =IF(SUM(L22,L30)=0,"",SUM(L22,L30)-SUM(L31:L32)) | M33: =IF(SUM(M22,M30)=0,"",SUM(M22,M30)-SUM(M31:M32)) | N33: =IF(SUM(N22,N30)=0,"",SUM(N22,N30)-SUM(N31:N32)) | ... AK33: =IF(SUM(AK22,AK30)=0,"",SUM(AK22,AK30)-SUM(AK31:AK32)) | AL33: =SUM(AL22,AL30)-SUM(AL31:AL32) -> 0 | AP33: =+AL22+AL30-AL33-AL32-AL31 -> 0 | AR33: =+AL22+AL30-AL31-AL32 -> 0
AL34: =+AL22+AL30-AL31-AL32-AL33 -> 0

Sheet TIME REPORT
A1: Dr. Virach & Associates | D1: TIME REPORT | M1: Division | O1: =+'TIME SHEET'!AH3
A2: Month | B2: ='TIME SHEET'!C3 -> ธันวาคม | D2: Year | E2: ='TIME SHEET'!F3 -> 2569 | G2: Prepared by | I2: ='TIME SHEET'!Z3 | M2: Approved by
A4: Date | B4: Hour | E4: Client's name | H4: Service Rendered | N4: Time
B5: In | C5: Out | N5: Hrs. | P5: Min | Q5: O.T./Extra
A6: =1 -> 1 | N6: =IF(IF(OR($B6="",$C6=""),"",(IF($C6="","",INT($C6)*60+ROUND(MOD($C6,1)*100,0))-IF($B6="","",IF($B6=0.01,0,INT($B6)*60+ROUND(MOD($B6,1)*100,0))))-MAX(0,MIN(IF($C6="","",INT($C6)*60+ROUND(MOD($C6,1)*100,0)),780)-MAX(IF($B6="","",IF($B6=0.01,0,INT($B6)*60+ROUND(MOD($B6,1)*100,0))),720))-MAX(0,MIN(IF($C6="","",INT($C6)*60+ROUND(MOD($C6,1)*100,0)),1260)-MAX(IF($B6="","",IF($B6=0.01,0,INT($B6)*60+ROUND(MOD($B6,1)*100,0))),1200)))="","",INT(IF(OR($B6="",$C6=""),"",(IF($C6="","",INT($C6)*60+ROUND(MOD($C6,1)*100,0))-IF($B6="","",IF($B6=0.01,0,INT($B6)*60+ROUND(MOD($B6,1)*100,0))))-MAX(0,MIN(IF($C6="","",INT($C6)*60+ROUND(MOD($C6,1)*100,0)),780)-MAX(IF($B6="","",IF($B6=0.01,0,INT($B6)*60+ROUND(MOD($B6,1)*100,0))),720))-MAX(0,MIN(IF($C6="","",INT($C6)*60+ROUND(MOD($C6,1)*100,0)),1260)-MAX(IF($B6="","",IF($B6=0.01,0,INT($B6)*60+ROUND(MOD($B6,1)*100,0))),1200)))/60)) | P6: =IF(IF(OR($B6="",$C6=""),"",(IF($C6="","",INT($C6)*60+ROUND(MOD($C6,1)*100,0))-IF($B6="","",IF($B6=0.01,0,INT($B6)*60+ROUND(MOD($B6,1)*100,0))))-MAX(0,MIN(IF($C6="","",INT($C6)*60+ROUND(MOD($C6,1)*100,0)),780)-MAX(IF($B6="","",IF($B6=0.01,0,INT($B6)*60+ROUND(MOD($B6,1)*100,0))),720))-MAX(0,MIN(IF($C6="","",INT($C6)*60+ROUND(MOD($C6,1)*100,0)),1260)-MAX(IF($B6="","",IF($B6=0.01,0,INT($B6)*60+ROUND(MOD($B6,1)*100,0))),1200)))="","",MOD(IF(OR($B6="",$C6=""),"",(IF($C6="","",INT($C6)*60+ROUND(MOD($C6,1)*100,0))-IF($B6="","",IF($B6=0.01,0,INT($B6)*60+ROUND(MOD($B6,1)*100,0))))-MAX(0,MIN(IF($C6="","",INT($C6)*60+ROUND(MOD($C6,1)*100,0)),780)-MAX(IF($B6="","",IF($B6=0.01,0,INT($B6)*60+ROUND(MOD($B6,1)*100,0))),720))-MAX(0,MIN(IF($C6="","",INT($C6)*60+ROUND(MOD($C6,1)*100,0)),1260)-MAX(IF($B6="","",IF($B6=0.01,0,INT($B6)*60+ROUND(MOD($B6,1)*100,0))),1200))),60))
A7: =IF($A6="","",IF($A6+1<=DAY(EOMONTH(DATE(HOLIDAYS!$E$3,HOLIDAYS!$E$2,1),0)),$A6+1,"")) -> 2 | N7: =IF(IF(OR($B7="",$C7=""),"",(IF($C7="","",INT($C7)*60+ROUND(MOD($C7,1)*100,0))-IF($B7="","",IF($B7=0.01,0,INT($B7)*60+ROUND(MOD($B7,1)*100,0))))-MAX(0,MIN(IF($C7="","",INT($C7)*60+ROUND(MOD($C7,1)*100,0)),780)-MAX(IF($B7="","",IF($B7=0.01,0,INT($B7)*60+ROUND(MOD($B7,1)*100,0))),720))-MAX(0,MIN(IF($C7="","",INT($C7)*60+ROUND(MOD($C7,1)*100,0)),1260)-MAX(IF($B7="","",IF($B7=0.01,0,INT($B7)*60+ROUND(MOD($B7,1)*100,0))),1200)))="","",INT(IF(OR($B7="",$C7=""),"",(IF($C7="","",INT($C7)*60+ROUND(MOD($C7,1)*100,0))-IF($B7="","",IF($B7=0.01,0,INT($B7)*60+ROUND(MOD($B7,1)*100,0))))-MAX(0,MIN(IF($C7="","",INT($C7)*60+ROUND(MOD($C7,1)*100,0)),780)-MAX(IF($B7="","",IF($B7=0.01,0,INT($B7)*60+ROUND(MOD($B7,1)*100,0))),720))-MAX(0,MIN(IF($C7="","",INT($C7)*60+ROUND(MOD($C7,1)*100,0)),1260)-MAX(IF($B7="","",IF($B7=0.01,0,INT($B7)*60+ROUND(MOD($B7,1)*100,0))),1200)))/60)) | P7: =IF(IF(OR($B7="",$C7=""),"",(IF($C7="","",INT($C7)*60+ROUND(MOD($C7,1)*100,0))-IF($B7="","",IF($B7=0.01,0,INT($B7)*60+ROUND(MOD($B7,1)*100,0))))-MAX(0,MIN(IF($C7="","",INT($C7)*60+ROUND(MOD($C7,1)*100,0)),780)-MAX(IF($B7="","",IF($B7=0.01,0,INT($B7)*60+ROUND(MOD($B7,1)*100,0))),720))-MAX(0,MIN(IF($C7="","",INT($C7)*60+ROUND(MOD($C7,1)*100,0)),1260)-MAX(IF($B7="","",IF($B7=0.01,0,INT($B7)*60+ROUND(MOD($B7,1)*100,0))),1200)))="","",MOD(IF(OR($B7="",$C7=""),"",(IF($C7="","",INT($C7)*60+ROUND(MOD($C7,1)*100,0))-IF($B7="","",IF($B7=0.01,0,INT($B7)*60+ROUND(MOD($B7,1)*100,0))))-MAX(0,MIN(IF($C7="","",INT($C7)*60+ROUND(MOD($C7,1)*100,0)),780)-MAX(IF($B7="","",IF($B7=0.01,0,INT($B7)*60+ROUND(MOD($B7,1)*100,0))),720))-MAX(0,MIN(IF($C7="","",INT($C7)*60+ROUND(MOD($C7,1)*100,0)),1260)-MAX(IF($B7="","",IF($B7=0.01,0,INT($B7)*60+ROUND(MOD($B7,1)*100,0))),1200))),60))
A8: =IF($A7="","",IF($A7+1<=DAY(EOMONTH(DATE(HOLIDAYS!$E$3,HOLIDAYS!$E$2,1),0)),$A7+1,"")) -> 3 | N8: =IF(IF(OR($B8="",$C8=""),"",(IF($C8="","",INT($C8)*60+ROUND(MOD($C8,1)*100,0))-IF($B8="","",IF($B8=0.01,0,INT($B8)*60+ROUND(MOD($B8,1)*100,0))))-MAX(0,MIN(IF($C8="","",INT($C8)*60+ROUND(MOD($C8,1)*100,0)),780)-MAX(IF($B8="","",IF($B8=0.01,0,INT($B8)*60+ROUND(MOD($B8,1)*100,0))),720))-MAX(0,MIN(IF($C8="","",INT($C8)*60+ROUND(MOD($C8,1)*100,0)),1260)-MAX(IF($B8="","",IF($B8=0.01,0,INT($B8)*60+ROUND(MOD($B8,1)*100,0))),1200)))="","",INT(IF(OR($B8="",$C8=""),"",(IF($C8="","",INT($C8)*60+ROUND(MOD($C8,1)*100,0))-IF($B8="","",IF($B8=0.01,0,INT($B8)*60+ROUND(MOD($B8,1)*100,0))))-MAX(0,MIN(IF($C8="","",INT($C8)*60+ROUND(MOD($C8,1)*100,0)),780)-MAX(IF($B8="","",IF($B8=0.01,0,INT($B8)*60+ROUND(MOD($B8,1)*100,0))),720))-MAX(0,MIN(IF($C8="","",INT($C8)*60+ROUND(MOD($C8,1)*100,0)),1260)-MAX(IF($B8="","",IF($B8=0.01,0,INT($B8)*60+ROUND(MOD($B8,1)*100,0))),1200)))/60)) | P8: =IF(IF(OR($B8="",$C8=""),"",(IF($C8="","",INT($C8)*60+ROUND(MOD($C8,1)*100,0))-IF($B8="","",IF($B8=0.01,0,INT($B8)*60+ROUND(MOD($B8,1)*100,0))))-MAX(0,MIN(IF($C8="","",INT($C8)*60+ROUND(MOD($C8,1)*100,0)),780)-MAX(IF($B8="","",IF($B8=0.01,0,INT($B8)*60+ROUND(MOD($B8,1)*100,0))),720))-MAX(0,MIN(IF($C8="","",INT($C8)*60+ROUND(MOD($C8,1)*100,0)),1260)-MAX(IF($B8="","",IF($B8=0.01,0,INT($B8)*60+ROUND(MOD($B8,1)*100,0))),1200)))="","",MOD(IF(OR($B8="",$C8=""),"",(IF($C8="","",INT($C8)*60+ROUND(MOD($C8,1)*100,0))-IF($B8="","",IF($B8=0.01,0,INT($B8)*60+ROUND(MOD($B8,1)*100,0))))-MAX(0,MIN(IF($C8="","",INT($C8)*60+ROUND(MOD($C8,1)*100,0)),780)-MAX(IF($B8="","",IF($B8=0.01,0,INT($B8)*60+ROUND(MOD($B8,1)*100,0))),720))-MAX(0,MIN(IF($C8="","",INT($C8)*60+ROUND(MOD($C8,1)*100,0)),1260)-MAX(IF($B8="","",IF($B8=0.01,0,INT($B8)*60+ROUND(MOD($B8,1)*100,0))),1200))),60))
A9: =IF($A8="","",IF($A8+1<=DAY(EOMONTH(DATE(HOLIDAYS!$E$3,HOLIDAYS!$E$2,1),0)),$A8+1,"")) -> 4 | N9: =IF(IF(OR($B9="",$C9=""),"",(IF($C9="","",INT($C9)*60+ROUND(MOD($C9,1)*100,0))-IF($B9="","",IF($B9=0.01,0,INT($B9)*60+ROUND(MOD($B9,1)*100,0))))-MAX(0,MIN(IF($C9="","",INT($C9)*60+ROUND(MOD($C9,1)*100,0)),780)-MAX(IF($B9="","",IF($B9=0.01,0,INT($B9)*60+ROUND(MOD($B9,1)*100,0))),720))-MAX(0,MIN(IF($C9="","",INT($C9)*60+ROUND(MOD($C9,1)*100,0)),1260)-MAX(IF($B9="","",IF($B9=0.01,0,INT($B9)*60+ROUND(MOD($B9,1)*100,0))),1200)))="","",INT(IF(OR($B9="",$C9=""),"",(IF($C9="","",INT($C9)*60+ROUND(MOD($C9,1)*100,0))-IF($B9="","",IF($B9=0.01,0,INT($B9)*60+ROUND(MOD($B9,1)*100,0))))-MAX(0,MIN(IF($C9="","",INT($C9)*60+ROUND(MOD($C9,1)*100,0)),780)-MAX(IF($B9="","",IF($B9=0.01,0,INT($B9)*60+ROUND(MOD($B9,1)*100,0))),720))-MAX(0,MIN(IF($C9="","",INT($C9)*60+ROUND(MOD($C9,1)*100,0)),1260)-MAX(IF($B9="","",IF($B9=0.01,0,INT($B9)*60+ROUND(MOD($B9,1)*100,0))),1200)))/60)) | P9: =IF(IF(OR($B9="",$C9=""),"",(IF($C9="","",INT($C9)*60+ROUND(MOD($C9,1)*100,0))-IF($B9="","",IF($B9=0.01,0,INT($B9)*60+ROUND(MOD($B9,1)*100,0))))-MAX(0,MIN(IF($C9="","",INT($C9)*60+ROUND(MOD($C9,1)*100,0)),780)-MAX(IF($B9="","",IF($B9=0.01,0,INT($B9)*60+ROUND(MOD($B9,1)*100,0))),720))-MAX(0,MIN(IF($C9="","",INT($C9)*60+ROUND(MOD($C9,1)*100,0)),1260)-MAX(IF($B9="","",IF($B9=0.01,0,INT($B9)*60+ROUND(MOD($B9,1)*100,0))),1200)))="","",MOD(IF(OR($B9="",$C9=""),"",(IF($C9="","",INT($C9)*60+ROUND(MOD($C9,1)*100,0))-IF($B9="","",IF($B9=0.01,0,INT($B9)*60+ROUND(MOD($B9,1)*100,0))))-MAX(0,MIN(IF($C9="","",INT($C9)*60+ROUND(MOD($C9,1)*100,0)),780)-MAX(IF($B9="","",IF($B9=0.01,0,INT($B9)*60+ROUND(MOD($B9,1)*100,0))),720))-MAX(0,MIN(IF($C9="","",INT($C9)*60+ROUND(MOD($C9,1)*100,0)),1260)-MAX(IF($B9="","",IF($B9=0.01,0,INT($B9)*60+ROUND(MOD($B9,1)*100,0))),1200))),60))
A10: =IF($A9="","",IF($A9+1<=DAY(EOMONTH(DATE(HOLIDAYS!$E$3,HOLIDAYS!$E$2,1),0)),$A9+1,"")) -> 5 | N10: =IF(IF(OR($B10="",$C10=""),"",(IF($C10="","",INT($C10)*60+ROUND(MOD($C10,1)*100,0))-IF($B10="","",IF($B10=0.01,0,INT($B10)*60+ROUND(MOD($B10,1)*100,0))))-MAX(0,MIN(IF($C10="","",INT($C10)*60+ROUND(MOD($C10,1)*100,0)),780)-MAX(IF($B10="","",IF($B10=0.01,0,INT($B10)*60+ROUND(MOD($B10,1)*100,0))),720))-MAX(0,MIN(IF($C10="","",INT($C10)*60+ROUND(MOD($C10,1)*100,0)),1260)-MAX(IF($B10="","",IF($B10=0.01,0,INT($B10)*60+ROUND(MOD($B10,1)*100,0))),1200)))="","",INT(IF(OR($B10="",$C10=""),"",(IF($C10="","",INT($C10)*60+ROUND(MOD($C10,1)*100,0))-IF($B10="","",IF($B10=0.01,0,INT($B10)*60+ROUND(MOD($B10,1)*100,0))))-MAX(0,MIN(IF($C10="","",INT($C10)*60+ROUND(MOD($C10,1)*100,0)),780)-MAX(IF($B10="","",IF($B10=0.01,0,INT($B10)*60+ROUND(MOD($B10,1)*100,0))),720))-MAX(0,MIN(IF($C10="","",INT($C10)*60+ROUND(MOD($C10,1)*100,0)),1260)-MAX(IF($B10="","",IF($B10=0.01,0,INT($B10)*60+ROUND(MOD($B10,1)*100,0))),1200)))/60)) | P10: =IF(IF(OR($B10="",$C10=""),"",(IF($C10="","",INT($C10)*60+ROUND(MOD($C10,1)*100,0))-IF($B10="","",IF($B10=0.01,0,INT($B10)*60+ROUND(MOD($B10,1)*100,0))))-MAX(0,MIN(IF($C10="","",INT($C10)*60+ROUND(MOD($C10,1)*100,0)),780)-MAX(IF($B10="","",IF($B10=0.01,0,INT($B10)*60+ROUND(MOD($B10,1)*100,0))),720))-MAX(0,MIN(IF($C10="","",INT($C10)*60+ROUND(MOD($C10,1)*100,0)),1260)-MAX(IF($B10="","",IF($B10=0.01,0,INT($B10)*60+ROUND(MOD($B10,1)*100,0))),1200)))="","",MOD(IF(OR($B10="",$C10=""),"",(IF($C10="","",INT($C10)*60+ROUND(MOD($C10,1)*100,0))-IF($B10="","",IF($B10=0.01,0,INT($B10)*60+ROUND(MOD($B10,1)*100,0))))-MAX(0,MIN(IF($C10="","",INT($C10)*60+ROUND(MOD($C10,1)*100,0)),780)-MAX(IF($B10="","",IF($B10=0.01,0,INT($B10)*60+ROUND(MOD($B10,1)*100,0))),720))-MAX(0,MIN(IF($C10="","",INT($C10)*60+ROUND(MOD($C10,1)*100,0)),1260)-MAX(IF($B10="","",IF($B10=0.01,0,INT($B10)*60+ROUND(MOD($B10,1)*100,0))),1200))),60))
A11: =IF($A10="","",IF($A10+1<=DAY(EOMONTH(DATE(HOLIDAYS!$E$3,HOLIDAYS!$E$2,1),0)),$A10+1,"")) -> 6 | N11: =IF(IF(OR($B11="",$C11=""),"",(IF($C11="","",INT($C11)*60+ROUND(MOD($C11,1)*100,0))-IF($B11="","",IF($B11=0.01,0,INT($B11)*60+ROUND(MOD($B11,1)*100,0))))-MAX(0,MIN(IF($C11="","",INT($C11)*60+ROUND(MOD($C11,1)*100,0)),780)-MAX(IF($B11="","",IF($B11=0.01,0,INT($B11)*60+ROUND(MOD($B11,1)*100,0))),720))-MAX(0,MIN(IF($C11="","",INT($C11)*60+ROUND(MOD($C11,1)*100,0)),1260)-MAX(IF($B11="","",IF($B11=0.01,0,INT($B11)*60+ROUND(MOD($B11,1)*100,0))),1200)))="","",INT(IF(OR($B11="",$C11=""),"",(IF($C11="","",INT($C11)*60+ROUND(MOD($C11,1)*100,0))-IF($B11="","",IF($B11=0.01,0,INT($B11)*60+ROUND(MOD($B11,1)*100,0))))-MAX(0,MIN(IF($C11="","",INT($C11)*60+ROUND(MOD($C11,1)*100,0)),780)-MAX(IF($B11="","",IF($B11=0.01,0,INT($B11)*60+ROUND(MOD($B11,1)*100,0))),720))-MAX(0,MIN(IF($C11="","",INT($C11)*60+ROUND(MOD($C11,1)*100,0)),1260)-MAX(IF($B11="","",IF($B11=0.01,0,INT($B11)*60+ROUND(MOD($B11,1)*100,0))),1200)))/60)) | P11: =IF(IF(OR($B11="",$C11=""),"",(IF($C11="","",INT($C11)*60+ROUND(MOD($C11,1)*100,0))-IF($B11="","",IF($B11=0.01,0,INT($B11)*60+ROUND(MOD($B11,1)*100,0))))-MAX(0,MIN(IF($C11="","",INT($C11)*60+ROUND(MOD($C11,1)*100,0)),780)-MAX(IF($B11="","",IF($B11=0.01,0,INT($B11)*60+ROUND(MOD($B11,1)*100,0))),720))-MAX(0,MIN(IF($C11="","",INT($C11)*60+ROUND(MOD($C11,1)*100,0)),1260)-MAX(IF($B11="","",IF($B11=0.01,0,INT($B11)*60+ROUND(MOD($B11,1)*100,0))),1200)))="","",MOD(IF(OR($B11="",$C11=""),"",(IF($C11="","",INT($C11)*60+ROUND(MOD($C11,1)*100,0))-IF($B11="","",IF($B11=0.01,0,INT($B11)*60+ROUND(MOD($B11,1)*100,0))))-MAX(0,MIN(IF($C11="","",INT($C11)*60+ROUND(MOD($C11,1)*100,0)),780)-MAX(IF($B11="","",IF($B11=0.01,0,INT($B11)*60+ROUND(MOD($B11,1)*100,0))),720))-MAX(0,MIN(IF($C11="","",INT($C11)*60+ROUND(MOD($C11,1)*100,0)),1260)-MAX(IF($B11="","",IF($B11=0.01,0,INT($B11)*60+ROUND(MOD($B11,1)*100,0))),1200))),60))
A12: =IF($A11="","",IF($A11+1<=DAY(EOMONTH(DATE(HOLIDAYS!$E$3,HOLIDAYS!$E$2,1),0)),$A11+1,"")) -> 7 | N12: =IF(IF(OR($B12="",$C12=""),"",(IF($C12="","",INT($C12)*60+ROUND(MOD($C12,1)*100,0))-IF($B12="","",IF($B12=0.01,0,INT($B12)*60+ROUND(MOD($B12,1)*100,0))))-MAX(0,MIN(IF($C12="","",INT($C12)*60+ROUND(MOD($C12,1)*100,0)),780)-MAX(IF($B12="","",IF($B12=0.01,0,INT($B12)*60+ROUND(MOD($B12,1)*100,0))),720))-MAX(0,MIN(IF($C12="","",INT($C12)*60+ROUND(MOD($C12,1)*100,0)),1260)-MAX(IF($B12="","",IF($B12=0.01,0,INT($B12)*60+ROUND(MOD($B12,1)*100,0))),1200)))="","",INT(IF(OR($B12="",$C12=""),"",(IF($C12="","",INT($C12)*60+ROUND(MOD($C12,1)*100,0))-IF($B12="","",IF($B12=0.01,0,INT($B12)*60+ROUND(MOD($B12,1)*100,0))))-MAX(0,MIN(IF($C12="","",INT($C12)*60+ROUND(MOD($C12,1)*100,0)),780)-MAX(IF($B12="","",IF($B12=0.01,0,INT($B12)*60+ROUND(MOD($B12,1)*100,0))),720))-MAX(0,MIN(IF($C12="","",INT($C12)*60+ROUND(MOD($C12,1)*100,0)),1260)-MAX(IF($B12="","",IF($B12=0.01,0,INT($B12)*60+ROUND(MOD($B12,1)*100,0))),1200)))/60)) | P12: =IF(IF(OR($B12="",$C12=""),"",(IF($C12="","",INT($C12)*60+ROUND(MOD($C12,1)*100,0))-IF($B12="","",IF($B12=0.01,0,INT($B12)*60+ROUND(MOD($B12,1)*100,0))))-MAX(0,MIN(IF($C12="","",INT($C12)*60+ROUND(MOD($C12,1)*100,0)),780)-MAX(IF($B12="","",IF($B12=0.01,0,INT($B12)*60+ROUND(MOD($B12,1)*100,0))),720))-MAX(0,MIN(IF($C12="","",INT($C12)*60+ROUND(MOD($C12,1)*100,0)),1260)-MAX(IF($B12="","",IF($B12=0.01,0,INT($B12)*60+ROUND(MOD($B12,1)*100,0))),1200)))="","",MOD(IF(OR($B12="",$C12=""),"",(IF($C12="","",INT($C12)*60+ROUND(MOD($C12,1)*100,0))-IF($B12="","",IF($B12=0.01,0,INT($B12)*60+ROUND(MOD($B12,1)*100,0))))-MAX(0,MIN(IF($C12="","",INT($C12)*60+ROUND(MOD($C12,1)*100,0)),780)-MAX(IF($B12="","",IF($B12=0.01,0,INT($B12)*60+ROUND(MOD($B12,1)*100,0))),720))-MAX(0,MIN(IF($C12="","",INT($C12)*60+ROUND(MOD($C12,1)*100,0)),1260)-MAX(IF($B12="","",IF($B12=0.01,0,INT($B12)*60+ROUND(MOD($B12,1)*100,0))),1200))),60))
A13: =IF($A12="","",IF($A12+1<=DAY(EOMONTH(DATE(HOLIDAYS!$E$3,HOLIDAYS!$E$2,1),0)),$A12+1,"")) -> 8 | N13: =IF(IF(OR($B13="",$C13=""),"",(IF($C13="","",INT($C13)*60+ROUND(MOD($C13,1)*100,0))-IF($B13="","",IF($B13=0.01,0,INT($B13)*60+ROUND(MOD($B13,1)*100,0))))-MAX(0,MIN(IF($C13="","",INT($C13)*60+ROUND(MOD($C13,1)*100,0)),780)-MAX(IF($B13="","",IF($B13=0.01,0,INT($B13)*60+ROUND(MOD($B13,1)*100,0))),720))-MAX(0,MIN(IF($C13="","",INT($C13)*60+ROUND(MOD($C13,1)*100,0)),1260)-MAX(IF($B13="","",IF($B13=0.01,0,INT($B13)*60+ROUND(MOD($B13,1)*100,0))),1200)))="","",INT(IF(OR($B13="",$C13=""),"",(IF($C13="","",INT($C13)*60+ROUND(MOD($C13,1)*100,0))-IF($B13="","",IF($B13=0.01,0,INT($B13)*60+ROUND(MOD($B13,1)*100,0))))-MAX(0,MIN(IF($C13="","",INT($C13)*60+ROUND(MOD($C13,1)*100,0)),780)-MAX(IF($B13="","",IF($B13=0.01,0,INT($B13)*60+ROUND(MOD($B13,1)*100,0))),720))-MAX(0,MIN(IF($C13="","",INT($C13)*60+ROUND(MOD($C13,1)*100,0)),1260)-MAX(IF($B13="","",IF($B13=0.01,0,INT($B13)*60+ROUND(MOD($B13,1)*100,0))),1200)))/60)) | P13: =IF(IF(OR($B13="",$C13=""),"",(IF($C13="","",INT($C13)*60+ROUND(MOD($C13,1)*100,0))-IF($B13="","",IF($B13=0.01,0,INT($B13)*60+ROUND(MOD($B13,1)*100,0))))-MAX(0,MIN(IF($C13="","",INT($C13)*60+ROUND(MOD($C13,1)*100,0)),780)-MAX(IF($B13="","",IF($B13=0.01,0,INT($B13)*60+ROUND(MOD($B13,1)*100,0))),720))-MAX(0,MIN(IF($C13="","",INT($C13)*60+ROUND(MOD($C13,1)*100,0)),1260)-MAX(IF($B13="","",IF($B13=0.01,0,INT($B13)*60+ROUND(MOD($B13,1)*100,0))),1200)))="","",MOD(IF(OR($B13="",$C13=""),"",(IF($C13="","",INT($C13)*60+ROUND(MOD($C13,1)*100,0))-IF($B13="","",IF($B13=0.01,0,INT($B13)*60+ROUND(MOD($B13,1)*100,0))))-MAX(0,MIN(IF($C13="","",INT($C13)*60+ROUND(MOD($C13,1)*100,0)),780)-MAX(IF($B13="","",IF($B13=0.01,0,INT($B13)*60+ROUND(MOD($B13,1)*100,0))),720))-MAX(0,MIN(IF($C13="","",INT($C13)*60+ROUND(MOD($C13,1)*100,0)),1260)-MAX(IF($B13="","",IF($B13=0.01,0,INT($B13)*60+ROUND(MOD($B13,1)*100,0))),1200))),60))
A14: =IF($A13="","",IF($A13+1<=DAY(EOMONTH(DATE(HOLIDAYS!$E$3,HOLIDAYS!$E$2,1),0)),$A13+1,"")) -> 9 | N14: =IF(IF(OR($B14="",$C14=""),"",(IF($C14="","",INT($C14)*60+ROUND(MOD($C14,1)*100,0))-IF($B14="","",IF($B14=0.01,0,INT($B14)*60+ROUND(MOD($B14,1)*100,0))))-MAX(0,MIN(IF($C14="","",INT($C14)*60+ROUND(MOD($C14,1)*100,0)),780)-MAX(IF($B14="","",IF($B14=0.01,0,INT($B14)*60+ROUND(MOD($B14,1)*100,0))),720))-MAX(0,MIN(IF($C14="","",INT($C14)*60+ROUND(MOD($C14,1)*100,0)),1260)-MAX(IF($B14="","",IF($B14=0.01,0,INT($B14)*60+ROUND(MOD($B14,1)*100,0))),1200)))="","",INT(IF(OR($B14="",$C14=""),"",(IF($C14="","",INT($C14)*60+ROUND(MOD($C14,1)*100,0))-IF($B14="","",IF($B14=0.01,0,INT($B14)*60+ROUND(MOD($B14,1)*100,0))))-MAX(0,MIN(IF($C14="","",INT($C14)*60+ROUND(MOD($C14,1)*100,0)),780)-MAX(IF($B14="","",IF($B14=0.01,0,INT($B14)*60+ROUND(MOD($B14,1)*100,0))),720))-MAX(0,MIN(IF($C14="","",INT($C14)*60+ROUND(MOD($C14,1)*100,0)),1260)-MAX(IF($B14="","",IF($B14=0.01,0,INT($B14)*60+ROUND(MOD($B14,1)*100,0))),1200)))/60)) | P14: =IF(IF(OR($B14="",$C14=""),"",(IF($C14="","",INT($C14)*60+ROUND(MOD($C14,1)*100,0))-IF($B14="","",IF($B14=0.01,0,INT($B14)*60+ROUND(MOD($B14,1)*100,0))))-MAX(0,MIN(IF($C14="","",INT($C14)*60+ROUND(MOD($C14,1)*100,0)),780)-MAX(IF($B14="","",IF($B14=0.01,0,INT($B14)*60+ROUND(MOD($B14,1)*100,0))),720))-MAX(0,MIN(IF($C14="","",INT($C14)*60+ROUND(MOD($C14,1)*100,0)),1260)-MAX(IF($B14="","",IF($B14=0.01,0,INT($B14)*60+ROUND(MOD($B14,1)*100,0))),1200)))="","",MOD(IF(OR($B14="",$C14=""),"",(IF($C14="","",INT($C14)*60+ROUND(MOD($C14,1)*100,0))-IF($B14="","",IF($B14=0.01,0,INT($B14)*60+ROUND(MOD($B14,1)*100,0))))-MAX(0,MIN(IF($C14="","",INT($C14)*60+ROUND(MOD($C14,1)*100,0)),780)-MAX(IF($B14="","",IF($B14=0.01,0,INT($B14)*60+ROUND(MOD($B14,1)*100,0))),720))-MAX(0,MIN(IF($C14="","",INT($C14)*60+ROUND(MOD($C14,1)*100,0)),1260)-MAX(IF($B14="","",IF($B14=0.01,0,INT($B14)*60+ROUND(MOD($B14,1)*100,0))),1200))),60))
A15: =IF($A14="","",IF($A14+1<=DAY(EOMONTH(DATE(HOLIDAYS!$E$3,HOLIDAYS!$E$2,1),0)),$A14+1,"")) -> 10 | N15: =IF(IF(OR($B15="",$C15=""),"",(IF($C15="","",INT($C15)*60+ROUND(MOD($C15,1)*100,0))-IF($B15="","",IF($B15=0.01,0,INT($B15)*60+ROUND(MOD($B15,1)*100,0))))-MAX(0,MIN(IF($C15="","",INT($C15)*60+ROUND(MOD($C15,1)*100,0)),780)-MAX(IF($B15="","",IF($B15=0.01,0,INT($B15)*60+ROUND(MOD($B15,1)*100,0))),720))-MAX(0,MIN(IF($C15="","",INT($C15)*60+ROUND(MOD($C15,1)*100,0)),1260)-MAX(IF($B15="","",IF($B15=0.01,0,INT($B15)*60+ROUND(MOD($B15,1)*100,0))),1200)))="","",INT(IF(OR($B15="",$C15=""),"",(IF($C15="","",INT($C15)*60+ROUND(MOD($C15,1)*100,0))-IF($B15="","",IF($B15=0.01,0,INT($B15)*60+ROUND(MOD($B15,1)*100,0))))-MAX(0,MIN(IF($C15="","",INT($C15)*60+ROUND(MOD($C15,1)*100,0)),780)-MAX(IF($B15="","",IF($B15=0.01,0,INT($B15)*60+ROUND(MOD($B15,1)*100,0))),720))-MAX(0,MIN(IF($C15="","",INT($C15)*60+ROUND(MOD($C15,1)*100,0)),1260)-MAX(IF($B15="","",IF($B15=0.01,0,INT($B15)*60+ROUND(MOD($B15,1)*100,0))),1200)))/60)) | P15: =IF(IF(OR($B15="",$C15=""),"",(IF($C15="","",INT($C15)*60+ROUND(MOD($C15,1)*100,0))-IF($B15="","",IF($B15=0.01,0,INT($B15)*60+ROUND(MOD($B15,1)*100,0))))-MAX(0,MIN(IF($C15="","",INT($C15)*60+ROUND(MOD($C15,1)*100,0)),780)-MAX(IF($B15="","",IF($B15=0.01,0,INT($B15)*60+ROUND(MOD($B15,1)*100,0))),720))-MAX(0,MIN(IF($C15="","",INT($C15)*60+ROUND(MOD($C15,1)*100,0)),1260)-MAX(IF($B15="","",IF($B15=0.01,0,INT($B15)*60+ROUND(MOD($B15,1)*100,0))),1200)))="","",MOD(IF(OR($B15="",$C15=""),"",(IF($C15="","",INT($C15)*60+ROUND(MOD($C15,1)*100,0))-IF($B15="","",IF($B15=0.01,0,INT($B15)*60+ROUND(MOD($B15,1)*100,0))))-MAX(0,MIN(IF($C15="","",INT($C15)*60+ROUND(MOD($C15,1)*100,0)),780)-MAX(IF($B15="","",IF($B15=0.01,0,INT($B15)*60+ROUND(MOD($B15,1)*100,0))),720))-MAX(0,MIN(IF($C15="","",INT($C15)*60+ROUND(MOD($C15,1)*100,0)),1260)-MAX(IF($B15="","",IF($B15=0.01,0,INT($B15)*60+ROUND(MOD($B15,1)*100,0))),1200))),60))
A16: =IF($A15="","",IF($A15+1<=DAY(EOMONTH(DATE(HOLIDAYS!$E$3,HOLIDAYS!$E$2,1),0)),$A15+1,"")) -> 11 | N16: =IF(IF(OR($B16="",$C16=""),"",(IF($C16="","",INT($C16)*60+ROUND(MOD($C16,1)*100,0))-IF($B16="","",IF($B16=0.01,0,INT($B16)*60+ROUND(MOD($B16,1)*100,0))))-MAX(0,MIN(IF($C16="","",INT($C16)*60+ROUND(MOD($C16,1)*100,0)),780)-MAX(IF($B16="","",IF($B16=0.01,0,INT($B16)*60+ROUND(MOD($B16,1)*100,0))),720))-MAX(0,MIN(IF($C16="","",INT($C16)*60+ROUND(MOD($C16,1)*100,0)),1260)-MAX(IF($B16="","",IF($B16=0.01,0,INT($B16)*60+ROUND(MOD($B16,1)*100,0))),1200)))="","",INT(IF(OR($B16="",$C16=""),"",(IF($C16="","",INT($C16)*60+ROUND(MOD($C16,1)*100,0))-IF($B16="","",IF($B16=0.01,0,INT($B16)*60+ROUND(MOD($B16,1)*100,0))))-MAX(0,MIN(IF($C16="","",INT($C16)*60+ROUND(MOD($C16,1)*100,0)),780)-MAX(IF($B16="","",IF($B16=0.01,0,INT($B16)*60+ROUND(MOD($B16,1)*100,0))),720))-MAX(0,MIN(IF($C16="","",INT($C16)*60+ROUND(MOD($C16,1)*100,0)),1260)-MAX(IF($B16="","",IF($B16=0.01,0,INT($B16)*60+ROUND(MOD($B16,1)*100,0))),1200)))/60)) | P16: =IF(IF(OR($B16="",$C16=""),"",(IF($C16="","",INT($C16)*60+ROUND(MOD($C16,1)*100,0))-IF($B16="","",IF($B16=0.01,0,INT($B16)*60+ROUND(MOD($B16,1)*100,0))))-MAX(0,MIN(IF($C16="","",INT($C16)*60+ROUND(MOD($C16,1)*100,0)),780)-MAX(IF($B16="","",IF($B16=0.01,0,INT($B16)*60+ROUND(MOD($B16,1)*100,0))),720))-MAX(0,MIN(IF($C16="","",INT($C16)*60+ROUND(MOD($C16,1)*100,0)),1260)-MAX(IF($B16="","",IF($B16=0.01,0,INT($B16)*60+ROUND(MOD($B16,1)*100,0))),1200)))="","",MOD(IF(OR($B16="",$C16=""),"",(IF($C16="","",INT($C16)*60+ROUND(MOD($C16,1)*100,0))-IF($B16="","",IF($B16=0.01,0,INT($B16)*60+ROUND(MOD($B16,1)*100,0))))-MAX(0,MIN(IF($C16="","",INT($C16)*60+ROUND(MOD($C16,1)*100,0)),780)-MAX(IF($B16="","",IF($B16=0.01,0,INT($B16)*60+ROUND(MOD($B16,1)*100,0))),720))-MAX(0,MIN(IF($C16="","",INT($C16)*60+ROUND(MOD($C16,1)*100,0)),1260)-MAX(IF($B16="","",IF($B16=0.01,0,INT($B16)*60+ROUND(MOD($B16,1)*100,0))),1200))),60))
A17: =IF($A16="","",IF($A16+1<=DAY(EOMONTH(DATE(HOLIDAYS!$E$3,HOLIDAYS!$E$2,1),0)),$A16+1,"")) -> 12 | N17: =IF(IF(OR($B17="",$C17=""),"",(IF($C17="","",INT($C17)*60+ROUND(MOD($C17,1)*100,0))-IF($B17="","",IF($B17=0.01,0,INT($B17)*60+ROUND(MOD($B17,1)*100,0))))-MAX(0,MIN(IF($C17="","",INT($C17)*60+ROUND(MOD($C17,1)*100,0)),780)-MAX(IF($B17="","",IF($B17=0.01,0,INT($B17)*60+ROUND(MOD($B17,1)*100,0))),720))-MAX(0,MIN(IF($C17="","",INT($C17)*60+ROUND(MOD($C17,1)*100,0)),1260)-MAX(IF($B17="","",IF($B17=0.01,0,INT($B17)*60+ROUND(MOD($B17,1)*100,0))),1200)))="","",INT(IF(OR($B17="",$C17=""),"",(IF($C17="","",INT($C17)*60+ROUND(MOD($C17,1)*100,0))-IF($B17="","",IF($B17=0.01,0,INT($B17)*60+ROUND(MOD($B17,1)*100,0))))-MAX(0,MIN(IF($C17="","",INT($C17)*60+ROUND(MOD($C17,1)*100,0)),780)-MAX(IF($B17="","",IF($B17=0.01,0,INT($B17)*60+ROUND(MOD($B17,1)*100,0))),720))-MAX(0,MIN(IF($C17="","",INT($C17)*60+ROUND(MOD($C17,1)*100,0)),1260)-MAX(IF($B17="","",IF($B17=0.01,0,INT($B17)*60+ROUND(MOD($B17,1)*100,0))),1200)))/60)) | P17: =IF(IF(OR($B17="",$C17=""),"",(IF($C17="","",INT($C17)*60+ROUND(MOD($C17,1)*100,0))-IF($B17="","",IF($B17=0.01,0,INT($B17)*60+ROUND(MOD($B17,1)*100,0))))-MAX(0,MIN(IF($C17="","",INT($C17)*60+ROUND(MOD($C17,1)*100,0)),780)-MAX(IF($B17="","",IF($B17=0.01,0,INT($B17)*60+ROUND(MOD($B17,1)*100,0))),720))-MAX(0,MIN(IF($C17="","",INT($C17)*60+ROUND(MOD($C17,1)*100,0)),1260)-MAX(IF($B17="","",IF($B17=0.01,0,INT($B17)*60+ROUND(MOD($B17,1)*100,0))),1200)))="","",MOD(IF(OR($B17="",$C17=""),"",(IF($C17="","",INT($C17)*60+ROUND(MOD($C17,1)*100,0))-IF($B17="","",IF($B17=0.01,0,INT($B17)*60+ROUND(MOD($B17,1)*100,0))))-MAX(0,MIN(IF($C17="","",INT($C17)*60+ROUND(MOD($C17,1)*100,0)),780)-MAX(IF($B17="","",IF($B17=0.01,0,INT($B17)*60+ROUND(MOD($B17,1)*100,0))),720))-MAX(0,MIN(IF($C17="","",INT($C17)*60+ROUND(MOD($C17,1)*100,0)),1260)-MAX(IF($B17="","",IF($B17=0.01,0,INT($B17)*60+ROUND(MOD($B17,1)*100,0))),1200))),60))
A18: =IF($A17="","",IF($A17+1<=DAY(EOMONTH(DATE(HOLIDAYS!$E$3,HOLIDAYS!$E$2,1),0)),$A17+1,"")) -> 13 | N18: =IF(IF(OR($B18="",$C18=""),"",(IF($C18="","",INT($C18)*60+ROUND(MOD($C18,1)*100,0))-IF($B18="","",IF($B18=0.01,0,INT($B18)*60+ROUND(MOD($B18,1)*100,0))))-MAX(0,MIN(IF($C18="","",INT($C18)*60+ROUND(MOD($C18,1)*100,0)),780)-MAX(IF($B18="","",IF($B18=0.01,0,INT($B18)*60+ROUND(MOD($B18,1)*100,0))),720))-MAX(0,MIN(IF($C18="","",INT($C18)*60+ROUND(MOD($C18,1)*100,0)),1260)-MAX(IF($B18="","",IF($B18=0.01,0,INT($B18)*60+ROUND(MOD($B18,1)*100,0))),1200)))="","",INT(IF(OR($B18="",$C18=""),"",(IF($C18="","",INT($C18)*60+ROUND(MOD($C18,1)*100,0))-IF($B18="","",IF($B18=0.01,0,INT($B18)*60+ROUND(MOD($B18,1)*100,0))))-MAX(0,MIN(IF($C18="","",INT($C18)*60+ROUND(MOD($C18,1)*100,0)),780)-MAX(IF($B18="","",IF($B18=0.01,0,INT($B18)*60+ROUND(MOD($B18,1)*100,0))),720))-MAX(0,MIN(IF($C18="","",INT($C18)*60+ROUND(MOD($C18,1)*100,0)),1260)-MAX(IF($B18="","",IF($B18=0.01,0,INT($B18)*60+ROUND(MOD($B18,1)*100,0))),1200)))/60)) | P18: =IF(IF(OR($B18="",$C18=""),"",(IF($C18="","",INT($C18)*60+ROUND(MOD($C18,1)*100,0))-IF($B18="","",IF($B18=0.01,0,INT($B18)*60+ROUND(MOD($B18,1)*100,0))))-MAX(0,MIN(IF($C18="","",INT($C18)*60+ROUND(MOD($C18,1)*100,0)),780)-MAX(IF($B18="","",IF($B18=0.01,0,INT($B18)*60+ROUND(MOD($B18,1)*100,0))),720))-MAX(0,MIN(IF($C18="","",INT($C18)*60+ROUND(MOD($C18,1)*100,0)),1260)-MAX(IF($B18="","",IF($B18=0.01,0,INT($B18)*60+ROUND(MOD($B18,1)*100,0))),1200)))="","",MOD(IF(OR($B18="",$C18=""),"",(IF($C18="","",INT($C18)*60+ROUND(MOD($C18,1)*100,0))-IF($B18="","",IF($B18=0.01,0,INT($B18)*60+ROUND(MOD($B18,1)*100,0))))-MAX(0,MIN(IF($C18="","",INT($C18)*60+ROUND(MOD($C18,1)*100,0)),780)-MAX(IF($B18="","",IF($B18=0.01,0,INT($B18)*60+ROUND(MOD($B18,1)*100,0))),720))-MAX(0,MIN(IF($C18="","",INT($C18)*60+ROUND(MOD($C18,1)*100,0)),1260)-MAX(IF($B18="","",IF($B18=0.01,0,INT($B18)*60+ROUND(MOD($B18,1)*100,0))),1200))),60))
... A36: =IF($A35="","",IF($A35+1<=DAY(EOMONTH(DATE(HOLIDAYS!$E$3,HOLIDAYS!$E$2,1),0)),$A35+1,"")) -> 31 | N36: =IF(IF(OR($B36="",$C36=""),"",(IF($C36="","",INT($C36)*60+ROUND(MOD($C36,1)*100,0))-IF($B36="","",IF($B36=0.01,0,INT($B36)*60+ROUND(MOD($B36,1)*100,0))))-MAX(0,MIN(IF($C36="","",INT($C36)*60+ROUND(MOD($C36,1)*100,0)),780)-MAX(IF($B36="","",IF($B36=0.01,0,INT($B36)*60+ROUND(MOD($B36,1)*100,0))),720))-MAX(0,MIN(IF($C36="","",INT($C36)*60+ROUND(MOD($C36,1)*100,0)),1260)-MAX(IF($B36="","",IF($B36=0.01,0,INT($B36)*60+ROUND(MOD($B36,1)*100,0))),1200)))="","",INT(IF(OR($B36="",$C36=""),"",(IF($C36="","",INT($C36)*60+ROUND(MOD($C36,1)*100,0))-IF($B36="","",IF($B36=0.01,0,INT($B36)*60+ROUND(MOD($B36,1)*100,0))))-MAX(0,MIN(IF($C36="","",INT($C36)*60+ROUND(MOD($C36,1)*100,0)),780)-MAX(IF($B36="","",IF($B36=0.01,0,INT($B36)*60+ROUND(MOD($B36,1)*100,0))),720))-MAX(0,MIN(IF($C36="","",INT($C36)*60+ROUND(MOD($C36,1)*100,0)),1260)-MAX(IF($B36="","",IF($B36=0.01,0,INT($B36)*60+ROUND(MOD($B36,1)*100,0))),1200)))/60)) | P36: =IF(IF(OR($B36="",$C36=""),"",(IF($C36="","",INT($C36)*60+ROUND(MOD($C36,1)*100,0))-IF($B36="","",IF($B36=0.01,0,INT($B36)*60+ROUND(MOD($B36,1)*100,0))))-MAX(0,MIN(IF($C36="","",INT($C36)*60+ROUND(MOD($C36,1)*100,0)),780)-MAX(IF($B36="","",IF($B36=0.01,0,INT($B36)*60+ROUND(MOD($B36,1)*100,0))),720))-MAX(0,MIN(IF($C36="","",INT($C36)*60+ROUND(MOD($C36,1)*100,0)),1260)-MAX(IF($B36="","",IF($B36=0.01,0,INT($B36)*60+ROUND(MOD($B36,1)*100,0))),1200)))="","",MOD(IF(OR($B36="",$C36=""),"",(IF($C36="","",INT($C36)*60+ROUND(MOD($C36,1)*100,0))-IF($B36="","",IF($B36=0.01,0,INT($B36)*60+ROUND(MOD($B36,1)*100,0))))-MAX(0,MIN(IF($C36="","",INT($C36)*60+ROUND(MOD($C36,1)*100,0)),780)-MAX(IF($B36="","",IF($B36=0.01,0,INT($B36)*60+ROUND(MOD($B36,1)*100,0))),720))-MAX(0,MIN(IF($C36="","",INT($C36)*60+ROUND(MOD($C36,1)*100,0)),1260)-MAX(IF($B36="","",IF($B36=0.01,0,INT($B36)*60+ROUND(MOD($B36,1)*100,0))),1200))),60))
A37: =IF($A36="","",IF($A36+1<=DAY(EOMONTH(DATE(HOLIDAYS!$E$3,HOLIDAYS!$E$2,1),0)),$A36+1,"")) | E37: =IF($A37="","",IF(WEEKDAY(DATE(HOLIDAYS!$E$3,HOLIDAYS!$E$2,$A37),2)=6,"หยุดวันเสาร์",IF(WEEKDAY(DATE(HOLIDAYS!$E$3,HOLIDAYS!$E$2,$A37),2)=7,"หยุดวันอาทิตย์",IF(COUNTIF(HOLIDAYS!$A$5:$A$199,DATE(HOLIDAYS!$E$3,HOLIDAYS!$E$2,$A37))>0,"หยุดวันนักขัตฤกษ์","")))) | N37: =IF(IF(OR($B37="",$C37=""),"",(IF($C37="","",INT($C37)*60+ROUND(MOD($C37,1)*100,0))-IF($B37="","",IF($B37=0.01,0,INT($B37)*60+ROUND(MOD($B37,1)*100,0))))-MAX(0,MIN(IF($C37="","",INT($C37)*60+ROUND(MOD($C37,1)*100,0)),780)-MAX(IF($B37="","",IF($B37=0.01,0,INT($B37)*60+ROUND(MOD($B37,1)*100,0))),720))-MAX(0,MIN(IF($C37="","",INT($C37)*60+ROUND(MOD($C37,1)*100,0)),1260)-MAX(IF($B37="","",IF($B37=0.01,0,INT($B37)*60+ROUND(MOD($B37,1)*100,0))),1200)))="","",INT(IF(OR($B37="",$C37=""),"",(IF($C37="","",INT($C37)*60+ROUND(MOD($C37,1)*100,0))-IF($B37="","",IF($B37=0.01,0,INT($B37)*60+ROUND(MOD($B37,1)*100,0))))-MAX(0,MIN(IF($C37="","",INT($C37)*60+ROUND(MOD($C37,1)*100,0)),780)-MAX(IF($B37="","",IF($B37=0.01,0,INT($B37)*60+ROUND(MOD($B37,1)*100,0))),720))-MAX(0,MIN(IF($C37="","",INT($C37)*60+ROUND(MOD($C37,1)*100,0)),1260)-MAX(IF($B37="","",IF($B37=0.01,0,INT($B37)*60+ROUND(MOD($B37,1)*100,0))),1200)))/60)) | P37: =IF(IF(OR($B37="",$C37=""),"",(IF($C37="","",INT($C37)*60+ROUND(MOD($C37,1)*100,0))-IF($B37="","",IF($B37=0.01,0,INT($B37)*60+ROUND(MOD($B37,1)*100,0))))-MAX(0,MIN(IF($C37="","",INT($C37)*60+ROUND(MOD($C37,1)*100,0)),780)-MAX(IF($B37="","",IF($B37=0.01,0,INT($B37)*60+ROUND(MOD($B37,1)*100,0))),720))-MAX(0,MIN(IF($C37="","",INT($C37)*60+ROUND(MOD($C37,1)*100,0)),1260)-MAX(IF($B37="","",IF($B37=0.01,0,INT($B37)*60+ROUND(MOD($B37,1)*100,0))),1200)))="","",MOD(IF(OR($B37="",$C37=""),"",(IF($C37="","",INT($C37)*60+ROUND(MOD($C37,1)*100,0))-IF($B37="","",IF($B37=0.01,0,INT($B37)*60+ROUND(MOD($B37,1)*100,0))))-MAX(0,MIN(IF($C37="","",INT($C37)*60+ROUND(MOD($C37,1)*100,0)),780)-MAX(IF($B37="","",IF($B37=0.01,0,INT($B37)*60+ROUND(MOD($B37,1)*100,0))),720))-MAX(0,MIN(IF($C37="","",INT($C37)*60+ROUND(MOD($C37,1)*100,0)),1260)-MAX(IF($B37="","",IF($B37=0.01,0,INT($B37)*60+ROUND(MOD($B37,1)*100,0))),1200))),60))
N38: =IF(IF(OR($B38="",$C38=""),"",(IF($C38="","",INT($C38)*60+ROUND(MOD($C38,1)*100,0))-IF($B38="","",IF($B38=0.01,0,INT($B38)*60+ROUND(MOD($B38,1)*100,0))))-MAX(0,MIN(IF($C38="","",INT($C38)*60+ROUND(MOD($C38,1)*100,0)),780)-MAX(IF($B38="","",IF($B38=0.01,0,INT($B38)*60+ROUND(MOD($B38,1)*100,0))),720))-MAX(0,MIN(IF($C38="","",INT($C38)*60+ROUND(MOD($C38,1)*100,0)),1260)-MAX(IF($B38="","",IF($B38=0.01,0,INT($B38)*60+ROUND(MOD($B38,1)*100,0))),1200)))="","",INT(IF(OR($B38="",$C38=""),"",(IF($C38="","",INT($C38)*60+ROUND(MOD($C38,1)*100,0))-IF($B38="","",IF($B38=0.01,0,INT($B38)*60+ROUND(MOD($B38,1)*100,0))))-MAX(0,MIN(IF($C38="","",INT($C38)*60+ROUND(MOD($C38,1)*100,0)),780)-MAX(IF($B38="","",IF($B38=0.01,0,INT($B38)*60+ROUND(MOD($B38,1)*100,0))),720))-MAX(0,MIN(IF($C38="","",INT($C38)*60+ROUND(MOD($C38,1)*100,0)),1260)-MAX(IF($B38="","",IF($B38=0.01,0,INT($B38)*60+ROUND(MOD($B38,1)*100,0))),1200)))/60)) | P38: =IF(IF(OR($B38="",$C38=""),"",(IF($C38="","",INT($C38)*60+ROUND(MOD($C38,1)*100,0))-IF($B38="","",IF($B38=0.01,0,INT($B38)*60+ROUND(MOD($B38,1)*100,0))))-MAX(0,MIN(IF($C38="","",INT($C38)*60+ROUND(MOD($C38,1)*100,0)),780)-MAX(IF($B38="","",IF($B38=0.01,0,INT($B38)*60+ROUND(MOD($B38,1)*100,0))),720))-MAX(0,MIN(IF($C38="","",INT($C38)*60+ROUND(MOD($C38,1)*100,0)),1260)-MAX(IF($B38="","",IF($B38=0.01,0,INT($B38)*60+ROUND(MOD($B38,1)*100,0))),1200)))="","",MOD(IF(OR($B38="",$C38=""),"",(IF($C38="","",INT($C38)*60+ROUND(MOD($C38,1)*100,0))-IF($B38="","",IF($B38=0.01,0,INT($B38)*60+ROUND(MOD($B38,1)*100,0))))-MAX(0,MIN(IF($C38="","",INT($C38)*60+ROUND(MOD($C38,1)*100,0)),780)-MAX(IF($B38="","",IF($B38=0.01,0,INT($B38)*60+ROUND(MOD($B38,1)*100,0))),720))-MAX(0,MIN(IF($C38="","",INT($C38)*60+ROUND(MOD($C38,1)*100,0)),1260)-MAX(IF($B38="","",IF($B38=0.01,0,INT($B38)*60+ROUND(MOD($B38,1)*100,0))),1200))),60))
H39: รวม | N39: =INT((SUM(N6:O38)*60+SUM(P6:P38))/60) -> 0 | P39: =MOD(SUM(N6:O38)*60+SUM(P6:P38),60) -> 0

Sheet TIME REPORT O.T.
A1: Dr. Virach & Associates | D1: TIME REPORT | M1: Division | O1: =+'TIME SHEET'!AH3 | S1: ชม.ทำงานปกติ | T1: 8
A2: Month | B2: ='TIME SHEET'!C3 -> ธันวาคม | D2: Year | E2: ='TIME SHEET'!F3 -> 2569 | G2: Prepared by | I2: ='TIME SHEET'!Z3 | M2: Approved by | S2: ชม.พักกลางวัน | T2: 1
S3: เกณฑ์กรอง (ช่อง Q) | T3: O.T.
A4: Date | B4: Hour | E4: Client's name | H4: Service Rendered | N4: Time
B5: In | C5: Out | N5: Hrs. | P5: Min | Q5: O.T./Extra
A6: {=IF(IFERROR(_xlfn.AGGREGATE(15,6,ROW('TIME REPORT'!$Q$6:$Q$98)/('TIME REPORT'!$Q$6:$Q$98=$T$3),ROW()-5),"")="","",INDEX('TIME REPORT'!$A:$A,IFERROR(_xlfn.AGGREGATE(15,6,ROW('TIME REPORT'!$Q$6:$Q$98)/('TIME REPORT'!$Q$6:$Q$98=$T$3),ROW()-5),"")))} | B6: {=IF(IFERROR(_xlfn.AGGREGATE(15,6,ROW('TIME REPORT'!$Q$6:$Q$98)/('TIME REPORT'!$Q$6:$Q$98=$T$3),ROW()-5),"")="","",INT(IF(IFERROR(_xlfn.AGGREGATE(15,6,ROW('TIME REPORT'!$Q$6:$Q$98)/('TIME REPORT'!$Q$6:$Q$98=$T$3),ROW()-5),"")="","",IF(IF(IFERROR(_xlfn.AGGREGATE(15,6,ROW('TIME REPORT'!$Q$6:$Q$98)/('TIME REPORT'!$Q$6:$Q$98=$T$3),ROW()-5),"")="","",OR(WEEKDAY(DATE(HOLIDAYS!$E$3,HOLIDAYS!$E$2,INDEX('TIME REPORT'!$A:$A,IFERROR(_xlfn.AGGREGATE(15,6,ROW('TIME REPORT'!$Q$6:$Q$98)/('TIME REPORT'!$Q$6:$Q$98=$T$3),ROW()-5),""))),2)=6,WEEKDAY(DATE(HOLIDAYS!$E$3,HOLIDAYS!$E$2,INDEX('TIME REPORT'!$A:$A,IFERROR(_xlfn.AGGREGATE(15,6,ROW('TIME REPORT'!$Q$6:$Q$98)/('TIME REPORT'!$Q$6:$Q$98=$T$3),ROW()-5),""))),2)=7,COUNTIF(HOLIDAYS!$A$5:$A$199,DATE(HOLIDAYS!$E$3,HOLIDAYS!$E$2,INDEX('TIME REPORT'!$A:$A,IFERROR(_xlfn.AGGREGATE(15,6,ROW('TIME REPORT'!$Q$6:$Q$98)/('TIME REPORT'!$Q$6:$Q$98=$T$3),ROW()-5),""))))>0)),IF(INDEX('TIME REPORT'!$B:$B,IFERROR(_xlfn.AGGREGATE(15,6,ROW('TIME REPORT'!$Q$6:$Q$98)/('TIME REPORT'!$Q$6:$Q$98=$T$3),ROW()-5),""))=0.01,1,INT(INDEX('TIME REPORT'!$B:$B,IFERROR(_xlfn.AGGREGATE(15,6,ROW('TIME REPORT'!$Q$6:$Q$98)/('TIME REPORT'!$Q$6:$Q$98=$T$3),ROW()-5),"")))*60+ROUND(MOD(INDEX('TIME REPORT'!$B:$B,IFERROR(_xlfn.AGGREGATE(15,6,ROW('TIME REPORT'!$Q$6:$Q$98)/('TIME REPORT'!$Q$6:$Q$98=$T$3),ROW()-5),"")),1)*100,0)),INT(INDEX('TIME REPORT'!$B:$B,IFERROR(_xlfn.AGGREGATE(15,6,ROW('TIME REPORT'!$Q$6:$Q$98)/('TIME REPORT'!$Q$6:$Q$98=$T$3),ROW()-5),"")))*60+ROUND(MOD(INDEX('TIME REPORT'!$B:$B,IFERROR(_xlfn.AGGREGATE(15,6,ROW('TIME REPORT'!$Q$6:$Q$98)/('TIME REPORT'!$Q$6:$Q$98=$T$3),ROW()-5),"")),1)*100,0)+($T$1+$T$2)*60))/60)+MOD(IF(IFERROR(_xlfn.AGGREGATE(15,6,ROW('TIME REPORT'!$Q$6:$Q$98)/('TIME REPORT'!$Q$6:$Q$98=$T$3),ROW()-5),"")="","",IF(IF(IFERROR(_xlfn.AGGREGATE(15,6,ROW('TIME REPORT'!$Q$6:$Q$98)/('TIME REPORT'!$Q$6:$Q$98=$T$3),ROW()-5),"")="","",OR(WEEKDAY(DATE(HOLIDAYS!$E$3,HOLIDAYS!$E$2,INDEX('TIME REPORT'!$A:$A,IFERROR(_xlfn.AGGREGATE(15,6,ROW('TIME REPORT'!$Q$6:$Q$98)/('TIME REPORT'!$Q$6:$Q$98=$T$3),ROW()-5),""))),2)=6,WEEKDAY(DATE(HOLIDAYS!$E$3,HOLIDAYS!$E$2,INDEX('TIME REPORT'!$A:$A,IFERROR(_xlfn.AGGREGATE(15,6,ROW('TIME REPORT'!$Q$6:$Q$98)/('TIME REPORT'!$Q$6:$Q$98=$T$3),ROW()-5),""))),2)=7,COUNTIF(HOLIDAYS!$A$5:$A$199,DATE(HOLIDAYS!$E$3,HOLIDAYS!$E$2,INDEX('TIME REPORT'!$A:$A,IFERROR(_xlfn.AGGREGATE(15,6,ROW('TIME REPORT'!$Q$6:$Q$98)/('TIME REPORT'!$Q$6:$Q$98=$T$3),ROW()-5),""))))>0)),IF(INDEX('TIME REPORT'!$B:$B,IFERROR(_xlfn.AGGREGATE(15,6,ROW('TIME REPORT'!$Q$6:$Q$98)/('TIME REPORT'!$Q$6:$Q$98=$T$3),ROW()-5),""))=0.01,1,INT(INDEX('TIME REPORT'!$B:$B,IFERROR(_xlfn.AGGREGATE(15,6,ROW('TIME REPORT'!$Q$6:$Q$98)/('TIME REPORT'!$Q$6:$Q$98=$T$3),ROW()-5),"")))*60+ROUND(MOD(INDEX('TIME REPORT'!$B:$B,IFERROR(_xlfn.AGGREGATE(15,6,ROW('TIME REPORT'!$Q$6:$Q$98)/('TIME REPORT'!$Q$6:$Q$98=$T$3),ROW()-5),"")),1)*100,0)),INT(INDEX('TIME REPORT'!$B:$B,IFERROR(_xlfn.AGGREGATE(15,6,ROW('TIME REPORT'!$Q$6:$Q$98)/('TIME REPORT'!$Q$6:$Q$98=$T$3),ROW()-5),"")))*60+ROUND(MOD(INDEX('TIME REPORT'!$B:$B,IFERROR(_xlfn.AGGREGATE(15,6,ROW('TIME REPORT'!$Q$6:$Q$98)/('TIME REPORT'!$Q$6:$Q$98=$T$3),ROW()-5),"")),1)*100,0)+($T$1+$T$2)*60)),60)/100)} | C6: {=IF(IFERROR(_xlfn.AGGREGATE(15,6,ROW('TIME REPORT'!$Q$6:$Q$98)/('TIME REPORT'!$Q$6:$Q$98=$T$3),ROW()-5),"")="","",INDEX('TIME REPORT'!$C:$C,IFERROR(_xlfn.AGGREGATE(15,6,ROW('TIME REPORT'!$Q$6:$Q$98)/('TIME REPORT'!$Q$6:$Q$98=$T$3),ROW()-5),"")))} | E6: {=IF(IFERROR(_xlfn.AGGREGATE(15,6,ROW('TIME REPORT'!$Q$6:$Q$98)/('TIME REPORT'!$Q$6:$Q$98=$T$3),ROW()-5),"")="","",INDEX('TIME REPORT'!$E:$E,IFERROR(_xlfn.AGGREGATE(15,6,ROW('TIME REPORT'!$Q$6:$Q$98)/('TIME REPORT'!$Q$6:$Q$98=$T$3),ROW()-5),"")))} | H6: {=IF(IFERROR(_xlfn.AGGREGATE(15,6,ROW('TIME REPORT'!$Q$6:$Q$98)/('TIME REPORT'!$Q$6:$Q$98=$T$3),ROW()-5),"")="","",INDEX('TIME REPORT'!$H:$H,IFERROR(_xlfn.AGGREGATE(15,6,ROW('TIME REPORT'!$Q$6:$Q$98)/('TIME REPORT'!$Q$6:$Q$98=$T$3),ROW()-5),"")))} | I6: {=IF(IFERROR(_xlfn.AGGREGATE(15,6,ROW('TIME REPORT'!$Q$6:$Q$98)/('TIME REPORT'!$Q$6:$Q$98=$T$3),ROW()-5),"")="","",INDEX('TIME REPORT'!$I:$I,IFERROR(_xlfn.AGGREGATE(15,6,ROW('TIME REPORT'!$Q$6:$Q$98)/('TIME REPORT'!$Q$6:$Q$98=$T$3),ROW()-5),"")))} | N6: {=IF(IFERROR(_xlfn.AGGREGATE(15,6,ROW('TIME REPORT'!$Q$6:$Q$98)/('TIME REPORT'!$Q$6:$Q$98=$T$3),ROW()-5),"")="","",INT(IF(IFERROR(_xlfn.AGGREGATE(15,6,ROW('TIME REPORT'!$Q$6:$Q$98)/('TIME REPORT'!$Q$6:$Q$98=$T$3),ROW()-5),"")="","",IF(IF(IFERROR(_xlfn.AGGREGATE(15,6,ROW('TIME REPORT'!$Q$6:$Q$98)/('TIME REPORT'!$Q$6:$Q$98=$T$3),ROW()-5),"")="","",OR(WEEKDAY(DATE(HOLIDAYS!$E$3,HOLIDAYS!$E$2,INDEX('TIME REPORT'!$A:$A,IFERROR(_xlfn.AGGREGATE(15,6,ROW('TIME REPORT'!$Q$6:$Q$98)/('TIME REPORT'!$Q$6:$Q$98=$T$3),ROW()-5),""))),2)=6,WEEKDAY(DATE(HOLIDAYS!$E$3,HOLIDAYS!$E$2,INDEX('TIME REPORT'!$A:$A,IFERROR(_xlfn.AGGREGATE(15,6,ROW('TIME REPORT'!$Q$6:$Q$98)/('TIME REPORT'!$Q$6:$Q$98=$T$3),ROW()-5),""))),2)=7,COUNTIF(HOLIDAYS!$A$5:$A$199,DATE(HOLIDAYS!$E$3,HOLIDAYS!$E$2,INDEX('TIME REPORT'!$A:$A,IFERROR(_xlfn.AGGREGATE(15,6,ROW('TIME REPORT'!$Q$6:$Q$98)/('TIME REPORT'!$Q$6:$Q$98=$T$3),ROW()-5),""))))>0)),INDEX('TIME REPORT'!$N:$N,IFERROR(_xlfn.AGGREGATE(15,6,ROW('TIME REPORT'!$Q$6:$Q$98)/('TIME REPORT'!$Q$6:$Q$98=$T$3),ROW()-5),""))*60+INDEX('TIME REPORT'!$P:$P,IFERROR(_xlfn.AGGREGATE(15,6,ROW('TIME REPORT'!$Q$6:$Q$98)/('TIME REPORT'!$Q$6:$Q$98=$T$3),ROW()-5),"")),MAX(0,INDEX('TIME REPORT'!$N:$N,IFERROR(_xlfn.AGGREGATE(15,6,ROW('TIME REPORT'!$Q$6:$Q$98)/('TIME REPORT'!$Q$6:$Q$98=$T$3),ROW()-5),""))*60+INDEX('TIME REPORT'!$P:$P,IFERROR(_xlfn.AGGREGATE(15,6,ROW('TIME REPORT'!$Q$6:$Q$98)/('TIME REPORT'!$Q$6:$Q$98=$T$3),ROW()-5),""))-$T$1*60)))/60))} | P6: {=IF(IFERROR(_xlfn.AGGREGATE(15,6,ROW('TIME REPORT'!$Q$6:$Q$98)/('TIME REPORT'!$Q$6:$Q$98=$T$3),ROW()-5),"")="","",MOD(IF(IFERROR(_xlfn.AGGREGATE(15,6,ROW('TIME REPORT'!$Q$6:$Q$98)/('TIME REPORT'!$Q$6:$Q$98=$T$3),ROW()-5),"")="","",IF(IF(IFERROR(_xlfn.AGGREGATE(15,6,ROW('TIME REPORT'!$Q$6:$Q$98)/('TIME REPORT'!$Q$6:$Q$98=$T$3),ROW()-5),"")="","",OR(WEEKDAY(DATE(HOLIDAYS!$E$3,HOLIDAYS!$E$2,INDEX('TIME REPORT'!$A:$A,IFERROR(_xlfn.AGGREGATE(15,6,ROW('TIME REPORT'!$Q$6:$Q$98)/('TIME REPORT'!$Q$6:$Q$98=$T$3),ROW()-5),""))),2)=6,WEEKDAY(DATE(HOLIDAYS!$E$3,HOLIDAYS!$E$2,INDEX('TIME REPORT'!$A:$A,IFERROR(_xlfn.AGGREGATE(15,6,ROW('TIME REPORT'!$Q$6:$Q$98)/('TIME REPORT'!$Q$6:$Q$98=$T$3),ROW()-5),""))),2)=7,COUNTIF(HOLIDAYS!$A$5:$A$199,DATE(HOLIDAYS!$E$3,HOLIDAYS!$E$2,INDEX('TIME REPORT'!$A:$A,IFERROR(_xlfn.AGGREGATE(15,6,ROW('TIME REPORT'!$Q$6:$Q$98)/('TIME REPORT'!$Q$6:$Q$98=$T$3),ROW()-5),""))))>0)),INDEX('TIME REPORT'!$N:$N,IFERROR(_xlfn.AGGREGATE(15,6,ROW('TIME REPORT'!$Q$6:$Q$98)/('TIME REPORT'!$Q$6:$Q$98=$T$3),ROW()-5),""))*60+INDEX('TIME REPORT'!$P:$P,IFERROR(_xlfn.AGGREGATE(15,6,ROW('TIME REPORT'!$Q$6:$Q$98)/('TIME REPORT'!$Q$6:$Q$98=$T$3),ROW()-5),"")),MAX(0,INDEX('TIME REPORT'!$N:$N,IFERROR(_xlfn.AGGREGATE(15,6,ROW('TIME REPORT'!$Q$6:$Q$98)/('TIME REPORT'!$Q$6:$Q$98=$T$3),ROW()-5),""))*60+INDEX('TIME REPORT'!$P:$P,IFERROR(_xlfn.AGGREGATE(15,6,ROW('TIME REPORT'!$Q$6:$Q$98)/('TIME REPORT'!$Q$6:$Q$98=$T$3),ROW()-5),""))-$T$1*60))),60))} | Q6: {=IF(IFERROR(_xlfn.AGGREGATE(15,6,ROW('TIME REPORT'!$Q$6:$Q$98)/('TIME REPORT'!$Q$6:$Q$98=$T$3),ROW()-5),"")="","",$T$3)}
A7: {=IF(IFERROR(_xlfn.AGGREGATE(15,6,ROW('TIME REPORT'!$Q$6:$Q$98)/('TIME REPORT'!$Q$6:$Q$98=$T$3),ROW()-5),"")="","",INDEX('TIME REPORT'!$A:$A,IFERROR(_xlfn.AGGREGATE(15,6,ROW('TIME REPORT'!$Q$6:$Q$98)/('TIME REPORT'!$Q$6:$Q$98=$T$3),ROW()-5),"")))} | B7: {=IF(IFERROR(_xlfn.AGGREGATE(15,6,ROW('TIME REPORT'!$Q$6:$Q$98)/('TIME REPORT'!$Q$6:$Q$98=$T$3),ROW()-5),"")="","",INT(IF(IFERROR(_xlfn.AGGREGATE(15,6,ROW('TIME REPORT'!$Q$6:$Q$98)/('TIME REPORT'!$Q$6:$Q$98=$T$3),ROW()-5),"")="","",IF(IF(IFERROR(_xlfn.AGGREGATE(15,6,ROW('TIME REPORT'!$Q$6:$Q$98)/('TIME REPORT'!$Q$6:$Q$98=$T$3),ROW()-5),"")="","",OR(WEEKDAY(DATE(HOLIDAYS!$E$3,HOLIDAYS!$E$2,INDEX('TIME REPORT'!$A:$A,IFERROR(_xlfn.AGGREGATE(15,6,ROW('TIME REPORT'!$Q$6:$Q$98)/('TIME REPORT'!$Q$6:$Q$98=$T$3),ROW()-5),""))),2)=6,WEEKDAY(DATE(HOLIDAYS!$E$3,HOLIDAYS!$E$2,INDEX('TIME REPORT'!$A:$A,IFERROR(_xlfn.AGGREGATE(15,6,ROW('TIME REPORT'!$Q$6:$Q$98)/('TIME REPORT'!$Q$6:$Q$98=$T$3),ROW()-5),""))),2)=7,COUNTIF(HOLIDAYS!$A$5:$A$199,DATE(HOLIDAYS!$E$3,HOLIDAYS!$E$2,INDEX('TIME REPORT'!$A:$A,IFERROR(_xlfn.AGGREGATE(15,6,ROW('TIME REPORT'!$Q$6:$Q$98)/('TIME REPORT'!$Q$6:$Q$98=$T$3),ROW()-5),""))))>0)),IF(INDEX('TIME REPORT'!$B:$B,IFERROR(_xlfn.AGGREGATE(15,6,ROW('TIME REPORT'!$Q$6:$Q$98)/('TIME REPORT'!$Q$6:$Q$98=$T$3),ROW()-5),""))=0.01,1,INT(INDEX('TIME REPORT'!$B:$B,IFERROR(_xlfn.AGGREGATE(15,6,ROW('TIME REPORT'!$Q$6:$Q$98)/('TIME REPORT'!$Q$6:$Q$98=$T$3),ROW()-5),"")))*60+ROUND(MOD(INDEX('TIME REPORT'!$B:$B,IFERROR(_xlfn.AGGREGATE(15,6,ROW('TIME REPORT'!$Q$6:$Q$98)/('TIME REPORT'!$Q$6:$Q$98=$T$3),ROW()-5),"")),1)*100,0)),INT(INDEX('TIME REPORT'!$B:$B,IFERROR(_xlfn.AGGREGATE(15,6,ROW('TIME REPORT'!$Q$6:$Q$98)/('TIME REPORT'!$Q$6:$Q$98=$T$3),ROW()-5),"")))*60+ROUND(MOD(INDEX('TIME REPORT'!$B:$B,IFERROR(_xlfn.AGGREGATE(15,6,ROW('TIME REPORT'!$Q$6:$Q$98)/('TIME REPORT'!$Q$6:$Q$98=$T$3),ROW()-5),"")),1)*100,0)+($T$1+$T$2)*60))/60)+MOD(IF(IFERROR(_xlfn.AGGREGATE(15,6,ROW('TIME REPORT'!$Q$6:$Q$98)/('TIME REPORT'!$Q$6:$Q$98=$T$3),ROW()-5),"")="","",IF(IF(IFERROR(_xlfn.AGGREGATE(15,6,ROW('TIME REPORT'!$Q$6:$Q$98)/('TIME REPORT'!$Q$6:$Q$98=$T$3),ROW()-5),"")="","",OR(WEEKDAY(DATE(HOLIDAYS!$E$3,HOLIDAYS!$E$2,INDEX('TIME REPORT'!$A:$A,IFERROR(_xlfn.AGGREGATE(15,6,ROW('TIME REPORT'!$Q$6:$Q$98)/('TIME REPORT'!$Q$6:$Q$98=$T$3),ROW()-5),""))),2)=6,WEEKDAY(DATE(HOLIDAYS!$E$3,HOLIDAYS!$E$2,INDEX('TIME REPORT'!$A:$A,IFERROR(_xlfn.AGGREGATE(15,6,ROW('TIME REPORT'!$Q$6:$Q$98)/('TIME REPORT'!$Q$6:$Q$98=$T$3),ROW()-5),""))),2)=7,COUNTIF(HOLIDAYS!$A$5:$A$199,DATE(HOLIDAYS!$E$3,HOLIDAYS!$E$2,INDEX('TIME REPORT'!$A:$A,IFERROR(_xlfn.AGGREGATE(15,6,ROW('TIME REPORT'!$Q$6:$Q$98)/('TIME REPORT'!$Q$6:$Q$98=$T$3),ROW()-5),""))))>0)),IF(INDEX('TIME REPORT'!$B:$B,IFERROR(_xlfn.AGGREGATE(15,6,ROW('TIME REPORT'!$Q$6:$Q$98)/('TIME REPORT'!$Q$6:$Q$98=$T$3),ROW()-5),""))=0.01,1,INT(INDEX('TIME REPORT'!$B:$B,IFERROR(_xlfn.AGGREGATE(15,6,ROW('TIME REPORT'!$Q$6:$Q$98)/('TIME REPORT'!$Q$6:$Q$98=$T$3),ROW()-5),"")))*60+ROUND(MOD(INDEX('TIME REPORT'!$B:$B,IFERROR(_xlfn.AGGREGATE(15,6,ROW('TIME REPORT'!$Q$6:$Q$98)/('TIME REPORT'!$Q$6:$Q$98=$T$3),ROW()-5),"")),1)*100,0)),INT(INDEX('TIME REPORT'!$B:$B,IFERROR(_xlfn.AGGREGATE(15,6,ROW('TIME REPORT'!$Q$6:$Q$98)/('TIME REPORT'!$Q$6:$Q$98=$T$3),ROW()-5),"")))*60+ROUND(MOD(INDEX('TIME REPORT'!$B:$B,IFERROR(_xlfn.AGGREGATE(15,6,ROW('TIME REPORT'!$Q$6:$Q$98)/('TIME REPORT'!$Q$6:$Q$98=$T$3),ROW()-5),"")),1)*100,0)+($T$1+$T$2)*60)),60)/100)} | C7: {=IF(IFERROR(_xlfn.AGGREGATE(15,6,ROW('TIME REPORT'!$Q$6:$Q$98)/('TIME REPORT'!$Q$6:$Q$98=$T$3),ROW()-5),"")="","",INDEX('TIME REPORT'!$C:$C,IFERROR(_xlfn.AGGREGATE(15,6,ROW('TIME REPORT'!$Q$6:$Q$98)/('TIME REPORT'!$Q$6:$Q$98=$T$3),ROW()-5),"")))} | E7: {=IF(IFERROR(_xlfn.AGGREGATE(15,6,ROW('TIME REPORT'!$Q$6:$Q$98)/('TIME REPORT'!$Q$6:$Q$98=$T$3),ROW()-5),"")="","",INDEX('TIME REPORT'!$E:$E,IFERROR(_xlfn.AGGREGATE(15,6,ROW('TIME REPORT'!$Q$6:$Q$98)/('TIME REPORT'!$Q$6:$Q$98=$T$3),ROW()-5),"")))} | H7: {=IF(IFERROR(_xlfn.AGGREGATE(15,6,ROW('TIME REPORT'!$Q$6:$Q$98)/('TIME REPORT'!$Q$6:$Q$98=$T$3),ROW()-5),"")="","",INDEX('TIME REPORT'!$H:$H,IFERROR(_xlfn.AGGREGATE(15,6,ROW('TIME REPORT'!$Q$6:$Q$98)/('TIME REPORT'!$Q$6:$Q$98=$T$3),ROW()-5),"")))} | I7: {=IF(IFERROR(_xlfn.AGGREGATE(15,6,ROW('TIME REPORT'!$Q$6:$Q$98)/('TIME REPORT'!$Q$6:$Q$98=$T$3),ROW()-5),"")="","",INDEX('TIME REPORT'!$I:$I,IFERROR(_xlfn.AGGREGATE(15,6,ROW('TIME REPORT'!$Q$6:$Q$98)/('TIME REPORT'!$Q$6:$Q$98=$T$3),ROW()-5),"")))} | N7: {=IF(IFERROR(_xlfn.AGGREGATE(15,6,ROW('TIME REPORT'!$Q$6:$Q$98)/('TIME REPORT'!$Q$6:$Q$98=$T$3),ROW()-5),"")="","",INT(IF(IFERROR(_xlfn.AGGREGATE(15,6,ROW('TIME REPORT'!$Q$6:$Q$98)/('TIME REPORT'!$Q$6:$Q$98=$T$3),ROW()-5),"")="","",IF(IF(IFERROR(_xlfn.AGGREGATE(15,6,ROW('TIME REPORT'!$Q$6:$Q$98)/('TIME REPORT'!$Q$6:$Q$98=$T$3),ROW()-5),"")="","",OR(WEEKDAY(DATE(HOLIDAYS!$E$3,HOLIDAYS!$E$2,INDEX('TIME REPORT'!$A:$A,IFERROR(_xlfn.AGGREGATE(15,6,ROW('TIME REPORT'!$Q$6:$Q$98)/('TIME REPORT'!$Q$6:$Q$98=$T$3),ROW()-5),""))),2)=6,WEEKDAY(DATE(HOLIDAYS!$E$3,HOLIDAYS!$E$2,INDEX('TIME REPORT'!$A:$A,IFERROR(_xlfn.AGGREGATE(15,6,ROW('TIME REPORT'!$Q$6:$Q$98)/('TIME REPORT'!$Q$6:$Q$98=$T$3),ROW()-5),""))),2)=7,COUNTIF(HOLIDAYS!$A$5:$A$199,DATE(HOLIDAYS!$E$3,HOLIDAYS!$E$2,INDEX('TIME REPORT'!$A:$A,IFERROR(_xlfn.AGGREGATE(15,6,ROW('TIME REPORT'!$Q$6:$Q$98)/('TIME REPORT'!$Q$6:$Q$98=$T$3),ROW()-5),""))))>0)),INDEX('TIME REPORT'!$N:$N,IFERROR(_xlfn.AGGREGATE(15,6,ROW('TIME REPORT'!$Q$6:$Q$98)/('TIME REPORT'!$Q$6:$Q$98=$T$3),ROW()-5),""))*60+INDEX('TIME REPORT'!$P:$P,IFERROR(_xlfn.AGGREGATE(15,6,ROW('TIME REPORT'!$Q$6:$Q$98)/('TIME REPORT'!$Q$6:$Q$98=$T$3),ROW()-5),"")),MAX(0,INDEX('TIME REPORT'!$N:$N,IFERROR(_xlfn.AGGREGATE(15,6,ROW('TIME REPORT'!$Q$6:$Q$98)/('TIME REPORT'!$Q$6:$Q$98=$T$3),ROW()-5),""))*60+INDEX('TIME REPORT'!$P:$P,IFERROR(_xlfn.AGGREGATE(15,6,ROW('TIME REPORT'!$Q$6:$Q$98)/('TIME REPORT'!$Q$6:$Q$98=$T$3),ROW()-5),""))-$T$1*60)))/60))} | P7: {=IF(IFERROR(_xlfn.AGGREGATE(15,6,ROW('TIME REPORT'!$Q$6:$Q$98)/('TIME REPORT'!$Q$6:$Q$98=$T$3),ROW()-5),"")="","",MOD(IF(IFERROR(_xlfn.AGGREGATE(15,6,ROW('TIME REPORT'!$Q$6:$Q$98)/('TIME REPORT'!$Q$6:$Q$98=$T$3),ROW()-5),"")="","",IF(IF(IFERROR(_xlfn.AGGREGATE(15,6,ROW('TIME REPORT'!$Q$6:$Q$98)/('TIME REPORT'!$Q$6:$Q$98=$T$3),ROW()-5),"")="","",OR(WEEKDAY(DATE(HOLIDAYS!$E$3,HOLIDAYS!$E$2,INDEX('TIME REPORT'!$A:$A,IFERROR(_xlfn.AGGREGATE(15,6,ROW('TIME REPORT'!$Q$6:$Q$98)/('TIME REPORT'!$Q$6:$Q$98=$T$3),ROW()-5),""))),2)=6,WEEKDAY(DATE(HOLIDAYS!$E$3,HOLIDAYS!$E$2,INDEX('TIME REPORT'!$A:$A,IFERROR(_xlfn.AGGREGATE(15,6,ROW('TIME REPORT'!$Q$6:$Q$98)/('TIME REPORT'!$Q$6:$Q$98=$T$3),ROW()-5),""))),2)=7,COUNTIF(HOLIDAYS!$A$5:$A$199,DATE(HOLIDAYS!$E$3,HOLIDAYS!$E$2,INDEX('TIME REPORT'!$A:$A,IFERROR(_xlfn.AGGREGATE(15,6,ROW('TIME REPORT'!$Q$6:$Q$98)/('TIME REPORT'!$Q$6:$Q$98=$T$3),ROW()-5),""))))>0)),INDEX('TIME REPORT'!$N:$N,IFERROR(_xlfn.AGGREGATE(15,6,ROW('TIME REPORT'!$Q$6:$Q$98)/('TIME REPORT'!$Q$6:$Q$98=$T$3),ROW()-5),""))*60+INDEX('TIME REPORT'!$P:$P,IFERROR(_xlfn.AGGREGATE(15,6,ROW('TIME REPORT'!$Q$6:$Q$98)/('TIME REPORT'!$Q$6:$Q$98=$T$3),ROW()-5),"")),MAX(0,INDEX('TIME REPORT'!$N:$N,IFERROR(_xlfn.AGGREGATE(15,6,ROW('TIME REPORT'!$Q$6:$Q$98)/('TIME REPORT'!$Q$6:$Q$98=$T$3),ROW()-5),""))*60+INDEX('TIME REPORT'!$P:$P,IFERROR(_xlfn.AGGREGATE(15,6,ROW('TIME REPORT'!$Q$6:$Q$98)/('TIME REPORT'!$Q$6:$Q$98=$T$3),ROW()-5),""))-$T$1*60))),60))} | Q7: {=IF(IFERROR(_xlfn.AGGREGATE(15,6,ROW('TIME REPORT'!$Q$6:$Q$98)/('TIME REPORT'!$Q$6:$Q$98=$T$3),ROW()-5),"")="","",$T$3)}
A8: {=IF(IFERROR(_xlfn.AGGREGATE(15,6,ROW('TIME REPORT'!$Q$6:$Q$98)/('TIME REPORT'!$Q$6:$Q$98=$T$3),ROW()-5),"")="","",INDEX('TIME REPORT'!$A:$A,IFERROR(_xlfn.AGGREGATE(15,6,ROW('TIME REPORT'!$Q$6:$Q$98)/('TIME REPORT'!$Q$6:$Q$98=$T$3),ROW()-5),"")))} | B8: {=IF(IFERROR(_xlfn.AGGREGATE(15,6,ROW('TIME REPORT'!$Q$6:$Q$98)/('TIME REPORT'!$Q$6:$Q$98=$T$3),ROW()-5),"")="","",INT(IF(IFERROR(_xlfn.AGGREGATE(15,6,ROW('TIME REPORT'!$Q$6:$Q$98)/('TIME REPORT'!$Q$6:$Q$98=$T$3),ROW()-5),"")="","",IF(IF(IFERROR(_xlfn.AGGREGATE(15,6,ROW('TIME REPORT'!$Q$6:$Q$98)/('TIME REPORT'!$Q$6:$Q$98=$T$3),ROW()-5),"")="","",OR(WEEKDAY(DATE(HOLIDAYS!$E$3,HOLIDAYS!$E$2,INDEX('TIME REPORT'!$A:$A,IFERROR(_xlfn.AGGREGATE(15,6,ROW('TIME REPORT'!$Q$6:$Q$98)/('TIME REPORT'!$Q$6:$Q$98=$T$3),ROW()-5),""))),2)=6,WEEKDAY(DATE(HOLIDAYS!$E$3,HOLIDAYS!$E$2,INDEX('TIME REPORT'!$A:$A,IFERROR(_xlfn.AGGREGATE(15,6,ROW('TIME REPORT'!$Q$6:$Q$98)/('TIME REPORT'!$Q$6:$Q$98=$T$3),ROW()-5),""))),2)=7,COUNTIF(HOLIDAYS!$A$5:$A$199,DATE(HOLIDAYS!$E$3,HOLIDAYS!$E$2,INDEX('TIME REPORT'!$A:$A,IFERROR(_xlfn.AGGREGATE(15,6,ROW('TIME REPORT'!$Q$6:$Q$98)/('TIME REPORT'!$Q$6:$Q$98=$T$3),ROW()-5),""))))>0)),IF(INDEX('TIME REPORT'!$B:$B,IFERROR(_xlfn.AGGREGATE(15,6,ROW('TIME REPORT'!$Q$6:$Q$98)/('TIME REPORT'!$Q$6:$Q$98=$T$3),ROW()-5),""))=0.01,1,INT(INDEX('TIME REPORT'!$B:$B,IFERROR(_xlfn.AGGREGATE(15,6,ROW('TIME REPORT'!$Q$6:$Q$98)/('TIME REPORT'!$Q$6:$Q$98=$T$3),ROW()-5),"")))*60+ROUND(MOD(INDEX('TIME REPORT'!$B:$B,IFERROR(_xlfn.AGGREGATE(15,6,ROW('TIME REPORT'!$Q$6:$Q$98)/('TIME REPORT'!$Q$6:$Q$98=$T$3),ROW()-5),"")),1)*100,0)),INT(INDEX('TIME REPORT'!$B:$B,IFERROR(_xlfn.AGGREGATE(15,6,ROW('TIME REPORT'!$Q$6:$Q$98)/('TIME REPORT'!$Q$6:$Q$98=$T$3),ROW()-5),"")))*60+ROUND(MOD(INDEX('TIME REPORT'!$B:$B,IFERROR(_xlfn.AGGREGATE(15,6,ROW('TIME REPORT'!$Q$6:$Q$98)/('TIME REPORT'!$Q$6:$Q$98=$T$3),ROW()-5),"")),1)*100,0)+($T$1+$T$2)*60))/60)+MOD(IF(IFERROR(_xlfn.AGGREGATE(15,6,ROW('TIME REPORT'!$Q$6:$Q$98)/('TIME REPORT'!$Q$6:$Q$98=$T$3),ROW()-5),"")="","",IF(IF(IFERROR(_xlfn.AGGREGATE(15,6,ROW('TIME REPORT'!$Q$6:$Q$98)/('TIME REPORT'!$Q$6:$Q$98=$T$3),ROW()-5),"")="","",OR(WEEKDAY(DATE(HOLIDAYS!$E$3,HOLIDAYS!$E$2,INDEX('TIME REPORT'!$A:$A,IFERROR(_xlfn.AGGREGATE(15,6,ROW('TIME REPORT'!$Q$6:$Q$98)/('TIME REPORT'!$Q$6:$Q$98=$T$3),ROW()-5),""))),2)=6,WEEKDAY(DATE(HOLIDAYS!$E$3,HOLIDAYS!$E$2,INDEX('TIME REPORT'!$A:$A,IFERROR(_xlfn.AGGREGATE(15,6,ROW('TIME REPORT'!$Q$6:$Q$98)/('TIME REPORT'!$Q$6:$Q$98=$T$3),ROW()-5),""))),2)=7,COUNTIF(HOLIDAYS!$A$5:$A$199,DATE(HOLIDAYS!$E$3,HOLIDAYS!$E$2,INDEX('TIME REPORT'!$A:$A,IFERROR(_xlfn.AGGREGATE(15,6,ROW('TIME REPORT'!$Q$6:$Q$98)/('TIME REPORT'!$Q$6:$Q$98=$T$3),ROW()-5),""))))>0)),IF(INDEX('TIME REPORT'!$B:$B,IFERROR(_xlfn.AGGREGATE(15,6,ROW('TIME REPORT'!$Q$6:$Q$98)/('TIME REPORT'!$Q$6:$Q$98=$T$3),ROW()-5),""))=0.01,1,INT(INDEX('TIME REPORT'!$B:$B,IFERROR(_xlfn.AGGREGATE(15,6,ROW('TIME REPORT'!$Q$6:$Q$98)/('TIME REPORT'!$Q$6:$Q$98=$T$3),ROW()-5),"")))*60+ROUND(MOD(INDEX('TIME REPORT'!$B:$B,IFERROR(_xlfn.AGGREGATE(15,6,ROW('TIME REPORT'!$Q$6:$Q$98)/('TIME REPORT'!$Q$6:$Q$98=$T$3),ROW()-5),"")),1)*100,0)),INT(INDEX('TIME REPORT'!$B:$B,IFERROR(_xlfn.AGGREGATE(15,6,ROW('TIME REPORT'!$Q$6:$Q$98)/('TIME REPORT'!$Q$6:$Q$98=$T$3),ROW()-5),"")))*60+ROUND(MOD(INDEX('TIME REPORT'!$B:$B,IFERROR(_xlfn.AGGREGATE(15,6,ROW('TIME REPORT'!$Q$6:$Q$98)/('TIME REPORT'!$Q$6:$Q$98=$T$3),ROW()-5),"")),1)*100,0)+($T$1+$T$2)*60)),60)/100)} | C8: {=IF(IFERROR(_xlfn.AGGREGATE(15,6,ROW('TIME REPORT'!$Q$6:$Q$98)/('TIME REPORT'!$Q$6:$Q$98=$T$3),ROW()-5),"")="","",INDEX('TIME REPORT'!$C:$C,IFERROR(_xlfn.AGGREGATE(15,6,ROW('TIME REPORT'!$Q$6:$Q$98)/('TIME REPORT'!$Q$6:$Q$98=$T$3),ROW()-5),"")))} | E8: {=IF(IFERROR(_xlfn.AGGREGATE(15,6,ROW('TIME REPORT'!$Q$6:$Q$98)/('TIME REPORT'!$Q$6:$Q$98=$T$3),ROW()-5),"")="","",INDEX('TIME REPORT'!$E:$E,IFERROR(_xlfn.AGGREGATE(15,6,ROW('TIME REPORT'!$Q$6:$Q$98)/('TIME REPORT'!$Q$6:$Q$98=$T$3),ROW()-5),"")))} | H8: {=IF(IFERROR(_xlfn.AGGREGATE(15,6,ROW('TIME REPORT'!$Q$6:$Q$98)/('TIME REPORT'!$Q$6:$Q$98=$T$3),ROW()-5),"")="","",INDEX('TIME REPORT'!$H:$H,IFERROR(_xlfn.AGGREGATE(15,6,ROW('TIME REPORT'!$Q$6:$Q$98)/('TIME REPORT'!$Q$6:$Q$98=$T$3),ROW()-5),"")))} | I8: {=IF(IFERROR(_xlfn.AGGREGATE(15,6,ROW('TIME REPORT'!$Q$6:$Q$98)/('TIME REPORT'!$Q$6:$Q$98=$T$3),ROW()-5),"")="","",INDEX('TIME REPORT'!$I:$I,IFERROR(_xlfn.AGGREGATE(15,6,ROW('TIME REPORT'!$Q$6:$Q$98)/('TIME REPORT'!$Q$6:$Q$98=$T$3),ROW()-5),"")))} | N8: {=IF(IFERROR(_xlfn.AGGREGATE(15,6,ROW('TIME REPORT'!$Q$6:$Q$98)/('TIME REPORT'!$Q$6:$Q$98=$T$3),ROW()-5),"")="","",INT(IF(IFERROR(_xlfn.AGGREGATE(15,6,ROW('TIME REPORT'!$Q$6:$Q$98)/('TIME REPORT'!$Q$6:$Q$98=$T$3),ROW()-5),"")="","",IF(IF(IFERROR(_xlfn.AGGREGATE(15,6,ROW('TIME REPORT'!$Q$6:$Q$98)/('TIME REPORT'!$Q$6:$Q$98=$T$3),ROW()-5),"")="","",OR(WEEKDAY(DATE(HOLIDAYS!$E$3,HOLIDAYS!$E$2,INDEX('TIME REPORT'!$A:$A,IFERROR(_xlfn.AGGREGATE(15,6,ROW('TIME REPORT'!$Q$6:$Q$98)/('TIME REPORT'!$Q$6:$Q$98=$T$3),ROW()-5),""))),2)=6,WEEKDAY(DATE(HOLIDAYS!$E$3,HOLIDAYS!$E$2,INDEX('TIME REPORT'!$A:$A,IFERROR(_xlfn.AGGREGATE(15,6,ROW('TIME REPORT'!$Q$6:$Q$98)/('TIME REPORT'!$Q$6:$Q$98=$T$3),ROW()-5),""))),2)=7,COUNTIF(HOLIDAYS!$A$5:$A$199,DATE(HOLIDAYS!$E$3,HOLIDAYS!$E$2,INDEX('TIME REPORT'!$A:$A,IFERROR(_xlfn.AGGREGATE(15,6,ROW('TIME REPORT'!$Q$6:$Q$98)/('TIME REPORT'!$Q$6:$Q$98=$T$3),ROW()-5),""))))>0)),INDEX('TIME REPORT'!$N:$N,IFERROR(_xlfn.AGGREGATE(15,6,ROW('TIME REPORT'!$Q$6:$Q$98)/('TIME REPORT'!$Q$6:$Q$98=$T$3),ROW()-5),""))*60+INDEX('TIME REPORT'!$P:$P,IFERROR(_xlfn.AGGREGATE(15,6,ROW('TIME REPORT'!$Q$6:$Q$98)/('TIME REPORT'!$Q$6:$Q$98=$T$3),ROW()-5),"")),MAX(0,INDEX('TIME REPORT'!$N:$N,IFERROR(_xlfn.AGGREGATE(15,6,ROW('TIME REPORT'!$Q$6:$Q$98)/('TIME REPORT'!$Q$6:$Q$98=$T$3),ROW()-5),""))*60+INDEX('TIME REPORT'!$P:$P,IFERROR(_xlfn.AGGREGATE(15,6,ROW('TIME REPORT'!$Q$6:$Q$98)/('TIME REPORT'!$Q$6:$Q$98=$T$3),ROW()-5),""))-$T$1*60)))/60))} | P8: {=IF(IFERROR(_xlfn.AGGREGATE(15,6,ROW('TIME REPORT'!$Q$6:$Q$98)/('TIME REPORT'!$Q$6:$Q$98=$T$3),ROW()-5),"")="","",MOD(IF(IFERROR(_xlfn.AGGREGATE(15,6,ROW('TIME REPORT'!$Q$6:$Q$98)/('TIME REPORT'!$Q$6:$Q$98=$T$3),ROW()-5),"")="","",IF(IF(IFERROR(_xlfn.AGGREGATE(15,6,ROW('TIME REPORT'!$Q$6:$Q$98)/('TIME REPORT'!$Q$6:$Q$98=$T$3),ROW()-5),"")="","",OR(WEEKDAY(DATE(HOLIDAYS!$E$3,HOLIDAYS!$E$2,INDEX('TIME REPORT'!$A:$A,IFERROR(_xlfn.AGGREGATE(15,6,ROW('TIME REPORT'!$Q$6:$Q$98)/('TIME REPORT'!$Q$6:$Q$98=$T$3),ROW()-5),""))),2)=6,WEEKDAY(DATE(HOLIDAYS!$E$3,HOLIDAYS!$E$2,INDEX('TIME REPORT'!$A:$A,IFERROR(_xlfn.AGGREGATE(15,6,ROW('TIME REPORT'!$Q$6:$Q$98)/('TIME REPORT'!$Q$6:$Q$98=$T$3),ROW()-5),""))),2)=7,COUNTIF(HOLIDAYS!$A$5:$A$199,DATE(HOLIDAYS!$E$3,HOLIDAYS!$E$2,INDEX('TIME REPORT'!$A:$A,IFERROR(_xlfn.AGGREGATE(15,6,ROW('TIME REPORT'!$Q$6:$Q$98)/('TIME REPORT'!$Q$6:$Q$98=$T$3),ROW()-5),""))))>0)),INDEX('TIME REPORT'!$N:$N,IFERROR(_xlfn.AGGREGATE(15,6,ROW('TIME REPORT'!$Q$6:$Q$98)/('TIME REPORT'!$Q$6:$Q$98=$T$3),ROW()-5),""))*60+INDEX('TIME REPORT'!$P:$P,IFERROR(_xlfn.AGGREGATE(15,6,ROW('TIME REPORT'!$Q$6:$Q$98)/('TIME REPORT'!$Q$6:$Q$98=$T$3),ROW()-5),"")),MAX(0,INDEX('TIME REPORT'!$N:$N,IFERROR(_xlfn.AGGREGATE(15,6,ROW('TIME REPORT'!$Q$6:$Q$98)/('TIME REPORT'!$Q$6:$Q$98=$T$3),ROW()-5),""))*60+INDEX('TIME REPORT'!$P:$P,IFERROR(_xlfn.AGGREGATE(15,6,ROW('TIME REPORT'!$Q$6:$Q$98)/('TIME REPORT'!$Q$6:$Q$98=$T$3),ROW()-5),""))-$T$1*60))),60))} | Q8: {=IF(IFERROR(_xlfn.AGGREGATE(15,6,ROW('TIME REPORT'!$Q$6:$Q$98)/('TIME REPORT'!$Q$6:$Q$98=$T$3),ROW()-5),"")="","",$T$3)}
A9: {=IF(IFERROR(_xlfn.AGGREGATE(15,6,ROW('TIME REPORT'!$Q$6:$Q$98)/('TIME REPORT'!$Q$6:$Q$98=$T$3),ROW()-5),"")="","",INDEX('TIME REPORT'!$A:$A,IFERROR(_xlfn.AGGREGATE(15,6,ROW('TIME REPORT'!$Q$6:$Q$98)/('TIME REPORT'!$Q$6:$Q$98=$T$3),ROW()-5),"")))} | B9: {=IF(IFERROR(_xlfn.AGGREGATE(15,6,ROW('TIME REPORT'!$Q$6:$Q$98)/('TIME REPORT'!$Q$6:$Q$98=$T$3),ROW()-5),"")="","",INT(IF(IFERROR(_xlfn.AGGREGATE(15,6,ROW('TIME REPORT'!$Q$6:$Q$98)/('TIME REPORT'!$Q$6:$Q$98=$T$3),ROW()-5),"")="","",IF(IF(IFERROR(_xlfn.AGGREGATE(15,6,ROW('TIME REPORT'!$Q$6:$Q$98)/('TIME REPORT'!$Q$6:$Q$98=$T$3),ROW()-5),"")="","",OR(WEEKDAY(DATE(HOLIDAYS!$E$3,HOLIDAYS!$E$2,INDEX('TIME REPORT'!$A:$A,IFERROR(_xlfn.AGGREGATE(15,6,ROW('TIME REPORT'!$Q$6:$Q$98)/('TIME REPORT'!$Q$6:$Q$98=$T$3),ROW()-5),""))),2)=6,WEEKDAY(DATE(HOLIDAYS!$E$3,HOLIDAYS!$E$2,INDEX('TIME REPORT'!$A:$A,IFERROR(_xlfn.AGGREGATE(15,6,ROW('TIME REPORT'!$Q$6:$Q$98)/('TIME REPORT'!$Q$6:$Q$98=$T$3),ROW()-5),""))),2)=7,COUNTIF(HOLIDAYS!$A$5:$A$199,DATE(HOLIDAYS!$E$3,HOLIDAYS!$E$2,INDEX('TIME REPORT'!$A:$A,IFERROR(_xlfn.AGGREGATE(15,6,ROW('TIME REPORT'!$Q$6:$Q$98)/('TIME REPORT'!$Q$6:$Q$98=$T$3),ROW()-5),""))))>0)),IF(INDEX('TIME REPORT'!$B:$B,IFERROR(_xlfn.AGGREGATE(15,6,ROW('TIME REPORT'!$Q$6:$Q$98)/('TIME REPORT'!$Q$6:$Q$98=$T$3),ROW()-5),""))=0.01,1,INT(INDEX('TIME REPORT'!$B:$B,IFERROR(_xlfn.AGGREGATE(15,6,ROW('TIME REPORT'!$Q$6:$Q$98)/('TIME REPORT'!$Q$6:$Q$98=$T$3),ROW()-5),"")))*60+ROUND(MOD(INDEX('TIME REPORT'!$B:$B,IFERROR(_xlfn.AGGREGATE(15,6,ROW('TIME REPORT'!$Q$6:$Q$98)/('TIME REPORT'!$Q$6:$Q$98=$T$3),ROW()-5),"")),1)*100,0)),INT(INDEX('TIME REPORT'!$B:$B,IFERROR(_xlfn.AGGREGATE(15,6,ROW('TIME REPORT'!$Q$6:$Q$98)/('TIME REPORT'!$Q$6:$Q$98=$T$3),ROW()-5),"")))*60+ROUND(MOD(INDEX('TIME REPORT'!$B:$B,IFERROR(_xlfn.AGGREGATE(15,6,ROW('TIME REPORT'!$Q$6:$Q$98)/('TIME REPORT'!$Q$6:$Q$98=$T$3),ROW()-5),"")),1)*100,0)+($T$1+$T$2)*60))/60)+MOD(IF(IFERROR(_xlfn.AGGREGATE(15,6,ROW('TIME REPORT'!$Q$6:$Q$98)/('TIME REPORT'!$Q$6:$Q$98=$T$3),ROW()-5),"")="","",IF(IF(IFERROR(_xlfn.AGGREGATE(15,6,ROW('TIME REPORT'!$Q$6:$Q$98)/('TIME REPORT'!$Q$6:$Q$98=$T$3),ROW()-5),"")="","",OR(WEEKDAY(DATE(HOLIDAYS!$E$3,HOLIDAYS!$E$2,INDEX('TIME REPORT'!$A:$A,IFERROR(_xlfn.AGGREGATE(15,6,ROW('TIME REPORT'!$Q$6:$Q$98)/('TIME REPORT'!$Q$6:$Q$98=$T$3),ROW()-5),""))),2)=6,WEEKDAY(DATE(HOLIDAYS!$E$3,HOLIDAYS!$E$2,INDEX('TIME REPORT'!$A:$A,IFERROR(_xlfn.AGGREGATE(15,6,ROW('TIME REPORT'!$Q$6:$Q$98)/('TIME REPORT'!$Q$6:$Q$98=$T$3),ROW()-5),""))),2)=7,COUNTIF(HOLIDAYS!$A$5:$A$199,DATE(HOLIDAYS!$E$3,HOLIDAYS!$E$2,INDEX('TIME REPORT'!$A:$A,IFERROR(_xlfn.AGGREGATE(15,6,ROW('TIME REPORT'!$Q$6:$Q$98)/('TIME REPORT'!$Q$6:$Q$98=$T$3),ROW()-5),""))))>0)),IF(INDEX('TIME REPORT'!$B:$B,IFERROR(_xlfn.AGGREGATE(15,6,ROW('TIME REPORT'!$Q$6:$Q$98)/('TIME REPORT'!$Q$6:$Q$98=$T$3),ROW()-5),""))=0.01,1,INT(INDEX('TIME REPORT'!$B:$B,IFERROR(_xlfn.AGGREGATE(15,6,ROW('TIME REPORT'!$Q$6:$Q$98)/('TIME REPORT'!$Q$6:$Q$98=$T$3),ROW()-5),"")))*60+ROUND(MOD(INDEX('TIME REPORT'!$B:$B,IFERROR(_xlfn.AGGREGATE(15,6,ROW('TIME REPORT'!$Q$6:$Q$98)/('TIME REPORT'!$Q$6:$Q$98=$T$3),ROW()-5),"")),1)*100,0)),INT(INDEX('TIME REPORT'!$B:$B,IFERROR(_xlfn.AGGREGATE(15,6,ROW('TIME REPORT'!$Q$6:$Q$98)/('TIME REPORT'!$Q$6:$Q$98=$T$3),ROW()-5),"")))*60+ROUND(MOD(INDEX('TIME REPORT'!$B:$B,IFERROR(_xlfn.AGGREGATE(15,6,ROW('TIME REPORT'!$Q$6:$Q$98)/('TIME REPORT'!$Q$6:$Q$98=$T$3),ROW()-5),"")),1)*100,0)+($T$1+$T$2)*60)),60)/100)} | C9: {=IF(IFERROR(_xlfn.AGGREGATE(15,6,ROW('TIME REPORT'!$Q$6:$Q$98)/('TIME REPORT'!$Q$6:$Q$98=$T$3),ROW()-5),"")="","",INDEX('TIME REPORT'!$C:$C,IFERROR(_xlfn.AGGREGATE(15,6,ROW('TIME REPORT'!$Q$6:$Q$98)/('TIME REPORT'!$Q$6:$Q$98=$T$3),ROW()-5),"")))} | E9: {=IF(IFERROR(_xlfn.AGGREGATE(15,6,ROW('TIME REPORT'!$Q$6:$Q$98)/('TIME REPORT'!$Q$6:$Q$98=$T$3),ROW()-5),"")="","",INDEX('TIME REPORT'!$E:$E,IFERROR(_xlfn.AGGREGATE(15,6,ROW('TIME REPORT'!$Q$6:$Q$98)/('TIME REPORT'!$Q$6:$Q$98=$T$3),ROW()-5),"")))} | H9: {=IF(IFERROR(_xlfn.AGGREGATE(15,6,ROW('TIME REPORT'!$Q$6:$Q$98)/('TIME REPORT'!$Q$6:$Q$98=$T$3),ROW()-5),"")="","",INDEX('TIME REPORT'!$H:$H,IFERROR(_xlfn.AGGREGATE(15,6,ROW('TIME REPORT'!$Q$6:$Q$98)/('TIME REPORT'!$Q$6:$Q$98=$T$3),ROW()-5),"")))} | I9: {=IF(IFERROR(_xlfn.AGGREGATE(15,6,ROW('TIME REPORT'!$Q$6:$Q$98)/('TIME REPORT'!$Q$6:$Q$98=$T$3),ROW()-5),"")="","",INDEX('TIME REPORT'!$I:$I,IFERROR(_xlfn.AGGREGATE(15,6,ROW('TIME REPORT'!$Q$6:$Q$98)/('TIME REPORT'!$Q$6:$Q$98=$T$3),ROW()-5),"")))} | N9: {=IF(IFERROR(_xlfn.AGGREGATE(15,6,ROW('TIME REPORT'!$Q$6:$Q$98)/('TIME REPORT'!$Q$6:$Q$98=$T$3),ROW()-5),"")="","",INT(IF(IFERROR(_xlfn.AGGREGATE(15,6,ROW('TIME REPORT'!$Q$6:$Q$98)/('TIME REPORT'!$Q$6:$Q$98=$T$3),ROW()-5),"")="","",IF(IF(IFERROR(_xlfn.AGGREGATE(15,6,ROW('TIME REPORT'!$Q$6:$Q$98)/('TIME REPORT'!$Q$6:$Q$98=$T$3),ROW()-5),"")="","",OR(WEEKDAY(DATE(HOLIDAYS!$E$3,HOLIDAYS!$E$2,INDEX('TIME REPORT'!$A:$A,IFERROR(_xlfn.AGGREGATE(15,6,ROW('TIME REPORT'!$Q$6:$Q$98)/('TIME REPORT'!$Q$6:$Q$98=$T$3),ROW()-5),""))),2)=6,WEEKDAY(DATE(HOLIDAYS!$E$3,HOLIDAYS!$E$2,INDEX('TIME REPORT'!$A:$A,IFERROR(_xlfn.AGGREGATE(15,6,ROW('TIME REPORT'!$Q$6:$Q$98)/('TIME REPORT'!$Q$6:$Q$98=$T$3),ROW()-5),""))),2)=7,COUNTIF(HOLIDAYS!$A$5:$A$199,DATE(HOLIDAYS!$E$3,HOLIDAYS!$E$2,INDEX('TIME REPORT'!$A:$A,IFERROR(_xlfn.AGGREGATE(15,6,ROW('TIME REPORT'!$Q$6:$Q$98)/('TIME REPORT'!$Q$6:$Q$98=$T$3),ROW()-5),""))))>0)),INDEX('TIME REPORT'!$N:$N,IFERROR(_xlfn.AGGREGATE(15,6,ROW('TIME REPORT'!$Q$6:$Q$98)/('TIME REPORT'!$Q$6:$Q$98=$T$3),ROW()-5),""))*60+INDEX('TIME REPORT'!$P:$P,IFERROR(_xlfn.AGGREGATE(15,6,ROW('TIME REPORT'!$Q$6:$Q$98)/('TIME REPORT'!$Q$6:$Q$98=$T$3),ROW()-5),"")),MAX(0,INDEX('TIME REPORT'!$N:$N,IFERROR(_xlfn.AGGREGATE(15,6,ROW('TIME REPORT'!$Q$6:$Q$98)/('TIME REPORT'!$Q$6:$Q$98=$T$3),ROW()-5),""))*60+INDEX('TIME REPORT'!$P:$P,IFERROR(_xlfn.AGGREGATE(15,6,ROW('TIME REPORT'!$Q$6:$Q$98)/('TIME REPORT'!$Q$6:$Q$98=$T$3),ROW()-5),""))-$T$1*60)))/60))} | P9: {=IF(IFERROR(_xlfn.AGGREGATE(15,6,ROW('TIME REPORT'!$Q$6:$Q$98)/('TIME REPORT'!$Q$6:$Q$98=$T$3),ROW()-5),"")="","",MOD(IF(IFERROR(_xlfn.AGGREGATE(15,6,ROW('TIME REPORT'!$Q$6:$Q$98)/('TIME REPORT'!$Q$6:$Q$98=$T$3),ROW()-5),"")="","",IF(IF(IFERROR(_xlfn.AGGREGATE(15,6,ROW('TIME REPORT'!$Q$6:$Q$98)/('TIME REPORT'!$Q$6:$Q$98=$T$3),ROW()-5),"")="","",OR(WEEKDAY(DATE(HOLIDAYS!$E$3,HOLIDAYS!$E$2,INDEX('TIME REPORT'!$A:$A,IFERROR(_xlfn.AGGREGATE(15,6,ROW('TIME REPORT'!$Q$6:$Q$98)/('TIME REPORT'!$Q$6:$Q$98=$T$3),ROW()-5),""))),2)=6,WEEKDAY(DATE(HOLIDAYS!$E$3,HOLIDAYS!$E$2,INDEX('TIME REPORT'!$A:$A,IFERROR(_xlfn.AGGREGATE(15,6,ROW('TIME REPORT'!$Q$6:$Q$98)/('TIME REPORT'!$Q$6:$Q$98=$T$3),ROW()-5),""))),2)=7,COUNTIF(HOLIDAYS!$A$5:$A$199,DATE(HOLIDAYS!$E$3,HOLIDAYS!$E$2,INDEX('TIME REPORT'!$A:$A,IFERROR(_xlfn.AGGREGATE(15,6,ROW('TIME REPORT'!$Q$6:$Q$98)/('TIME REPORT'!$Q$6:$Q$98=$T$3),ROW()-5),""))))>0)),INDEX('TIME REPORT'!$N:$N,IFERROR(_xlfn.AGGREGATE(15,6,ROW('TIME REPORT'!$Q$6:$Q$98)/('TIME REPORT'!$Q$6:$Q$98=$T$3),ROW()-5),""))*60+INDEX('TIME REPORT'!$P:$P,IFERROR(_xlfn.AGGREGATE(15,6,ROW('TIME REPORT'!$Q$6:$Q$98)/('TIME REPORT'!$Q$6:$Q$98=$T$3),ROW()-5),"")),MAX(0,INDEX('TIME REPORT'!$N:$N,IFERROR(_xlfn.AGGREGATE(15,6,ROW('TIME REPORT'!$Q$6:$Q$98)/('TIME REPORT'!$Q$6:$Q$98=$T$3),ROW()-5),""))*60+INDEX('TIME REPORT'!$P:$P,IFERROR(_xlfn.AGGREGATE(15,6,ROW('TIME REPORT'!$Q$6:$Q$98)/('TIME REPORT'!$Q$6:$Q$98=$T$3),ROW()-5),""))-$T$1*60))),60))} | Q9: {=IF(IFERROR(_xlfn.AGGREGATE(15,6,ROW('TIME REPORT'!$Q$6:$Q$98)/('TIME REPORT'!$Q$6:$Q$98=$T$3),ROW()-5),"")="","",$T$3)}
A10: {=IF(IFERROR(_xlfn.AGGREGATE(15,6,ROW('TIME REPORT'!$Q$6:$Q$98)/('TIME REPORT'!$Q$6:$Q$98=$T$3),ROW()-5),"")="","",INDEX('TIME REPORT'!$A:$A,IFERROR(_xlfn.AGGREGATE(15,6,ROW('TIME REPORT'!$Q$6:$Q$98)/('TIME REPORT'!$Q$6:$Q$98=$T$3),ROW()-5),"")))} | B10: {=IF(IFERROR(_xlfn.AGGREGATE(15,6,ROW('TIME REPORT'!$Q$6:$Q$98)/('TIME REPORT'!$Q$6:$Q$98=$T$3),ROW()-5),"")="","",INT(IF(IFERROR(_xlfn.AGGREGATE(15,6,ROW('TIME REPORT'!$Q$6:$Q$98)/('TIME REPORT'!$Q$6:$Q$98=$T$3),ROW()-5),"")="","",IF(IF(IFERROR(_xlfn.AGGREGATE(15,6,ROW('TIME REPORT'!$Q$6:$Q$98)/('TIME REPORT'!$Q$6:$Q$98=$T$3),ROW()-5),"")="","",OR(WEEKDAY(DATE(HOLIDAYS!$E$3,HOLIDAYS!$E$2,INDEX('TIME REPORT'!$A:$A,IFERROR(_xlfn.AGGREGATE(15,6,ROW('TIME REPORT'!$Q$6:$Q$98)/('TIME REPORT'!$Q$6:$Q$98=$T$3),ROW()-5),""))),2)=6,WEEKDAY(DATE(HOLIDAYS!$E$3,HOLIDAYS!$E$2,INDEX('TIME REPORT'!$A:$A,IFERROR(_xlfn.AGGREGATE(15,6,ROW('TIME REPORT'!$Q$6:$Q$98)/('TIME REPORT'!$Q$6:$Q$98=$T$3),ROW()-5),""))),2)=7,COUNTIF(HOLIDAYS!$A$5:$A$199,DATE(HOLIDAYS!$E$3,HOLIDAYS!$E$2,INDEX('TIME REPORT'!$A:$A,IFERROR(_xlfn.AGGREGATE(15,6,ROW('TIME REPORT'!$Q$6:$Q$98)/('TIME REPORT'!$Q$6:$Q$98=$T$3),ROW()-5),""))))>0)),IF(INDEX('TIME REPORT'!$B:$B,IFERROR(_xlfn.AGGREGATE(15,6,ROW('TIME REPORT'!$Q$6:$Q$98)/('TIME REPORT'!$Q$6:$Q$98=$T$3),ROW()-5),""))=0.01,1,INT(INDEX('TIME REPORT'!$B:$B,IFERROR(_xlfn.AGGREGATE(15,6,ROW('TIME REPORT'!$Q$6:$Q$98)/('TIME REPORT'!$Q$6:$Q$98=$T$3),ROW()-5),"")))*60+ROUND(MOD(INDEX('TIME REPORT'!$B:$B,IFERROR(_xlfn.AGGREGATE(15,6,ROW('TIME REPORT'!$Q$6:$Q$98)/('TIME REPORT'!$Q$6:$Q$98=$T$3),ROW()-5),"")),1)*100,0)),INT(INDEX('TIME REPORT'!$B:$B,IFERROR(_xlfn.AGGREGATE(15,6,ROW('TIME REPORT'!$Q$6:$Q$98)/('TIME REPORT'!$Q$6:$Q$98=$T$3),ROW()-5),"")))*60+ROUND(MOD(INDEX('TIME REPORT'!$B:$B,IFERROR(_xlfn.AGGREGATE(15,6,ROW('TIME REPORT'!$Q$6:$Q$98)/('TIME REPORT'!$Q$6:$Q$98=$T$3),ROW()-5),"")),1)*100,0)+($T$1+$T$2)*60))/60)+MOD(IF(IFERROR(_xlfn.AGGREGATE(15,6,ROW('TIME REPORT'!$Q$6:$Q$98)/('TIME REPORT'!$Q$6:$Q$98=$T$3),ROW()-5),"")="","",IF(IF(IFERROR(_xlfn.AGGREGATE(15,6,ROW('TIME REPORT'!$Q$6:$Q$98)/('TIME REPORT'!$Q$6:$Q$98=$T$3),ROW()-5),"")="","",OR(WEEKDAY(DATE(HOLIDAYS!$E$3,HOLIDAYS!$E$2,INDEX('TIME REPORT'!$A:$A,IFERROR(_xlfn.AGGREGATE(15,6,ROW('TIME REPORT'!$Q$6:$Q$98)/('TIME REPORT'!$Q$6:$Q$98=$T$3),ROW()-5),""))),2)=6,WEEKDAY(DATE(HOLIDAYS!$E$3,HOLIDAYS!$E$2,INDEX('TIME REPORT'!$A:$A,IFERROR(_xlfn.AGGREGATE(15,6,ROW('TIME REPORT'!$Q$6:$Q$98)/('TIME REPORT'!$Q$6:$Q$98=$T$3),ROW()-5),""))),2)=7,COUNTIF(HOLIDAYS!$A$5:$A$199,DATE(HOLIDAYS!$E$3,HOLIDAYS!$E$2,INDEX('TIME REPORT'!$A:$A,IFERROR(_xlfn.AGGREGATE(15,6,ROW('TIME REPORT'!$Q$6:$Q$98)/('TIME REPORT'!$Q$6:$Q$98=$T$3),ROW()-5),""))))>0)),IF(INDEX('TIME REPORT'!$B:$B,IFERROR(_xlfn.AGGREGATE(15,6,ROW('TIME REPORT'!$Q$6:$Q$98)/('TIME REPORT'!$Q$6:$Q$98=$T$3),ROW()-5),""))=0.01,1,INT(INDEX('TIME REPORT'!$B:$B,IFERROR(_xlfn.AGGREGATE(15,6,ROW('TIME REPORT'!$Q$6:$Q$98)/('TIME REPORT'!$Q$6:$Q$98=$T$3),ROW()-5),"")))*60+ROUND(MOD(INDEX('TIME REPORT'!$B:$B,IFERROR(_xlfn.AGGREGATE(15,6,ROW('TIME REPORT'!$Q$6:$Q$98)/('TIME REPORT'!$Q$6:$Q$98=$T$3),ROW()-5),"")),1)*100,0)),INT(INDEX('TIME REPORT'!$B:$B,IFERROR(_xlfn.AGGREGATE(15,6,ROW('TIME REPORT'!$Q$6:$Q$98)/('TIME REPORT'!$Q$6:$Q$98=$T$3),ROW()-5),"")))*60+ROUND(MOD(INDEX('TIME REPORT'!$B:$B,IFERROR(_xlfn.AGGREGATE(15,6,ROW('TIME REPORT'!$Q$6:$Q$98)/('TIME REPORT'!$Q$6:$Q$98=$T$3),ROW()-5),"")),1)*100,0)+($T$1+$T$2)*60)),60)/100)} | C10: {=IF(IFERROR(_xlfn.AGGREGATE(15,6,ROW('TIME REPORT'!$Q$6:$Q$98)/('TIME REPORT'!$Q$6:$Q$98=$T$3),ROW()-5),"")="","",INDEX('TIME REPORT'!$C:$C,IFERROR(_xlfn.AGGREGATE(15,6,ROW('TIME REPORT'!$Q$6:$Q$98)/('TIME REPORT'!$Q$6:$Q$98=$T$3),ROW()-5),"")))} | E10: {=IF(IFERROR(_xlfn.AGGREGATE(15,6,ROW('TIME REPORT'!$Q$6:$Q$98)/('TIME REPORT'!$Q$6:$Q$98=$T$3),ROW()-5),"")="","",INDEX('TIME REPORT'!$E:$E,IFERROR(_xlfn.AGGREGATE(15,6,ROW('TIME REPORT'!$Q$6:$Q$98)/('TIME REPORT'!$Q$6:$Q$98=$T$3),ROW()-5),"")))} | H10: {=IF(IFERROR(_xlfn.AGGREGATE(15,6,ROW('TIME REPORT'!$Q$6:$Q$98)/('TIME REPORT'!$Q$6:$Q$98=$T$3),ROW()-5),"")="","",INDEX('TIME REPORT'!$H:$H,IFERROR(_xlfn.AGGREGATE(15,6,ROW('TIME REPORT'!$Q$6:$Q$98)/('TIME REPORT'!$Q$6:$Q$98=$T$3),ROW()-5),"")))} | I10: {=IF(IFERROR(_xlfn.AGGREGATE(15,6,ROW('TIME REPORT'!$Q$6:$Q$98)/('TIME REPORT'!$Q$6:$Q$98=$T$3),ROW()-5),"")="","",INDEX('TIME REPORT'!$I:$I,IFERROR(_xlfn.AGGREGATE(15,6,ROW('TIME REPORT'!$Q$6:$Q$98)/('TIME REPORT'!$Q$6:$Q$98=$T$3),ROW()-5),"")))} | N10: {=IF(IFERROR(_xlfn.AGGREGATE(15,6,ROW('TIME REPORT'!$Q$6:$Q$98)/('TIME REPORT'!$Q$6:$Q$98=$T$3),ROW()-5),"")="","",INT(IF(IFERROR(_xlfn.AGGREGATE(15,6,ROW('TIME REPORT'!$Q$6:$Q$98)/('TIME REPORT'!$Q$6:$Q$98=$T$3),ROW()-5),"")="","",IF(IF(IFERROR(_xlfn.AGGREGATE(15,6,ROW('TIME REPORT'!$Q$6:$Q$98)/('TIME REPORT'!$Q$6:$Q$98=$T$3),ROW()-5),"")="","",OR(WEEKDAY(DATE(HOLIDAYS!$E$3,HOLIDAYS!$E$2,INDEX('TIME REPORT'!$A:$A,IFERROR(_xlfn.AGGREGATE(15,6,ROW('TIME REPORT'!$Q$6:$Q$98)/('TIME REPORT'!$Q$6:$Q$98=$T$3),ROW()-5),""))),2)=6,WEEKDAY(DATE(HOLIDAYS!$E$3,HOLIDAYS!$E$2,INDEX('TIME REPORT'!$A:$A,IFERROR(_xlfn.AGGREGATE(15,6,ROW('TIME REPORT'!$Q$6:$Q$98)/('TIME REPORT'!$Q$6:$Q$98=$T$3),ROW()-5),""))),2)=7,COUNTIF(HOLIDAYS!$A$5:$A$199,DATE(HOLIDAYS!$E$3,HOLIDAYS!$E$2,INDEX('TIME REPORT'!$A:$A,IFERROR(_xlfn.AGGREGATE(15,6,ROW('TIME REPORT'!$Q$6:$Q$98)/('TIME REPORT'!$Q$6:$Q$98=$T$3),ROW()-5),""))))>0)),INDEX('TIME REPORT'!$N:$N,IFERROR(_xlfn.AGGREGATE(15,6,ROW('TIME REPORT'!$Q$6:$Q$98)/('TIME REPORT'!$Q$6:$Q$98=$T$3),ROW()-5),""))*60+INDEX('TIME REPORT'!$P:$P,IFERROR(_xlfn.AGGREGATE(15,6,ROW('TIME REPORT'!$Q$6:$Q$98)/('TIME REPORT'!$Q$6:$Q$98=$T$3),ROW()-5),"")),MAX(0,INDEX('TIME REPORT'!$N:$N,IFERROR(_xlfn.AGGREGATE(15,6,ROW('TIME REPORT'!$Q$6:$Q$98)/('TIME REPORT'!$Q$6:$Q$98=$T$3),ROW()-5),""))*60+INDEX('TIME REPORT'!$P:$P,IFERROR(_xlfn.AGGREGATE(15,6,ROW('TIME REPORT'!$Q$6:$Q$98)/('TIME REPORT'!$Q$6:$Q$98=$T$3),ROW()-5),""))-$T$1*60)))/60))} | P10: {=IF(IFERROR(_xlfn.AGGREGATE(15,6,ROW('TIME REPORT'!$Q$6:$Q$98)/('TIME REPORT'!$Q$6:$Q$98=$T$3),ROW()-5),"")="","",MOD(IF(IFERROR(_xlfn.AGGREGATE(15,6,ROW('TIME REPORT'!$Q$6:$Q$98)/('TIME REPORT'!$Q$6:$Q$98=$T$3),ROW()-5),"")="","",IF(IF(IFERROR(_xlfn.AGGREGATE(15,6,ROW('TIME REPORT'!$Q$6:$Q$98)/('TIME REPORT'!$Q$6:$Q$98=$T$3),ROW()-5),"")="","",OR(WEEKDAY(DATE(HOLIDAYS!$E$3,HOLIDAYS!$E$2,INDEX('TIME REPORT'!$A:$A,IFERROR(_xlfn.AGGREGATE(15,6,ROW('TIME REPORT'!$Q$6:$Q$98)/('TIME REPORT'!$Q$6:$Q$98=$T$3),ROW()-5),""))),2)=6,WEEKDAY(DATE(HOLIDAYS!$E$3,HOLIDAYS!$E$2,INDEX('TIME REPORT'!$A:$A,IFERROR(_xlfn.AGGREGATE(15,6,ROW('TIME REPORT'!$Q$6:$Q$98)/('TIME REPORT'!$Q$6:$Q$98=$T$3),ROW()-5),""))),2)=7,COUNTIF(HOLIDAYS!$A$5:$A$199,DATE(HOLIDAYS!$E$3,HOLIDAYS!$E$2,INDEX('TIME REPORT'!$A:$A,IFERROR(_xlfn.AGGREGATE(15,6,ROW('TIME REPORT'!$Q$6:$Q$98)/('TIME REPORT'!$Q$6:$Q$98=$T$3),ROW()-5),""))))>0)),INDEX('TIME REPORT'!$N:$N,IFERROR(_xlfn.AGGREGATE(15,6,ROW('TIME REPORT'!$Q$6:$Q$98)/('TIME REPORT'!$Q$6:$Q$98=$T$3),ROW()-5),""))*60+INDEX('TIME REPORT'!$P:$P,IFERROR(_xlfn.AGGREGATE(15,6,ROW('TIME REPORT'!$Q$6:$Q$98)/('TIME REPORT'!$Q$6:$Q$98=$T$3),ROW()-5),"")),MAX(0,INDEX('TIME REPORT'!$N:$N,IFERROR(_xlfn.AGGREGATE(15,6,ROW('TIME REPORT'!$Q$6:$Q$98)/('TIME REPORT'!$Q$6:$Q$98=$T$3),ROW()-5),""))*60+INDEX('TIME REPORT'!$P:$P,IFERROR(_xlfn.AGGREGATE(15,6,ROW('TIME REPORT'!$Q$6:$Q$98)/('TIME REPORT'!$Q$6:$Q$98=$T$3),ROW()-5),""))-$T$1*60))),60))} | Q10: {=IF(IFERROR(_xlfn.AGGREGATE(15,6,ROW('TIME REPORT'!$Q$6:$Q$98)/('TIME REPORT'!$Q$6:$Q$98=$T$3),ROW()-5),"")="","",$T$3)}
A11: {=IF(IFERROR(_xlfn.AGGREGATE(15,6,ROW('TIME REPORT'!$Q$6:$Q$98)/('TIME REPORT'!$Q$6:$Q$98=$T$3),ROW()-5),"")="","",INDEX('TIME REPORT'!$A:$A,IFERROR(_xlfn.AGGREGATE(15,6,ROW('TIME REPORT'!$Q$6:$Q$98)/('TIME REPORT'!$Q$6:$Q$98=$T$3),ROW()-5),"")))} | B11: {=IF(IFERROR(_xlfn.AGGREGATE(15,6,ROW('TIME REPORT'!$Q$6:$Q$98)/('TIME REPORT'!$Q$6:$Q$98=$T$3),ROW()-5),"")="","",INT(IF(IFERROR(_xlfn.AGGREGATE(15,6,ROW('TIME REPORT'!$Q$6:$Q$98)/('TIME REPORT'!$Q$6:$Q$98=$T$3),ROW()-5),"")="","",IF(IF(IFERROR(_xlfn.AGGREGATE(15,6,ROW('TIME REPORT'!$Q$6:$Q$98)/('TIME REPORT'!$Q$6:$Q$98=$T$3),ROW()-5),"")="","",OR(WEEKDAY(DATE(HOLIDAYS!$E$3,HOLIDAYS!$E$2,INDEX('TIME REPORT'!$A:$A,IFERROR(_xlfn.AGGREGATE(15,6,ROW('TIME REPORT'!$Q$6:$Q$98)/('TIME REPORT'!$Q$6:$Q$98=$T$3),ROW()-5),""))),2)=6,WEEKDAY(DATE(HOLIDAYS!$E$3,HOLIDAYS!$E$2,INDEX('TIME REPORT'!$A:$A,IFERROR(_xlfn.AGGREGATE(15,6,ROW('TIME REPORT'!$Q$6:$Q$98)/('TIME REPORT'!$Q$6:$Q$98=$T$3),ROW()-5),""))),2)=7,COUNTIF(HOLIDAYS!$A$5:$A$199,DATE(HOLIDAYS!$E$3,HOLIDAYS!$E$2,INDEX('TIME REPORT'!$A:$A,IFERROR(_xlfn.AGGREGATE(15,6,ROW('TIME REPORT'!$Q$6:$Q$98)/('TIME REPORT'!$Q$6:$Q$98=$T$3),ROW()-5),""))))>0)),IF(INDEX('TIME REPORT'!$B:$B,IFERROR(_xlfn.AGGREGATE(15,6,ROW('TIME REPORT'!$Q$6:$Q$98)/('TIME REPORT'!$Q$6:$Q$98=$T$3),ROW()-5),""))=0.01,1,INT(INDEX('TIME REPORT'!$B:$B,IFERROR(_xlfn.AGGREGATE(15,6,ROW('TIME REPORT'!$Q$6:$Q$98)/('TIME REPORT'!$Q$6:$Q$98=$T$3),ROW()-5),"")))*60+ROUND(MOD(INDEX('TIME REPORT'!$B:$B,IFERROR(_xlfn.AGGREGATE(15,6,ROW('TIME REPORT'!$Q$6:$Q$98)/('TIME REPORT'!$Q$6:$Q$98=$T$3),ROW()-5),"")),1)*100,0)),INT(INDEX('TIME REPORT'!$B:$B,IFERROR(_xlfn.AGGREGATE(15,6,ROW('TIME REPORT'!$Q$6:$Q$98)/('TIME REPORT'!$Q$6:$Q$98=$T$3),ROW()-5),"")))*60+ROUND(MOD(INDEX('TIME REPORT'!$B:$B,IFERROR(_xlfn.AGGREGATE(15,6,ROW('TIME REPORT'!$Q$6:$Q$98)/('TIME REPORT'!$Q$6:$Q$98=$T$3),ROW()-5),"")),1)*100,0)+($T$1+$T$2)*60))/60)+MOD(IF(IFERROR(_xlfn.AGGREGATE(15,6,ROW('TIME REPORT'!$Q$6:$Q$98)/('TIME REPORT'!$Q$6:$Q$98=$T$3),ROW()-5),"")="","",IF(IF(IFERROR(_xlfn.AGGREGATE(15,6,ROW('TIME REPORT'!$Q$6:$Q$98)/('TIME REPORT'!$Q$6:$Q$98=$T$3),ROW()-5),"")="","",OR(WEEKDAY(DATE(HOLIDAYS!$E$3,HOLIDAYS!$E$2,INDEX('TIME REPORT'!$A:$A,IFERROR(_xlfn.AGGREGATE(15,6,ROW('TIME REPORT'!$Q$6:$Q$98)/('TIME REPORT'!$Q$6:$Q$98=$T$3),ROW()-5),""))),2)=6,WEEKDAY(DATE(HOLIDAYS!$E$3,HOLIDAYS!$E$2,INDEX('TIME REPORT'!$A:$A,IFERROR(_xlfn.AGGREGATE(15,6,ROW('TIME REPORT'!$Q$6:$Q$98)/('TIME REPORT'!$Q$6:$Q$98=$T$3),ROW()-5),""))),2)=7,COUNTIF(HOLIDAYS!$A$5:$A$199,DATE(HOLIDAYS!$E$3,HOLIDAYS!$E$2,INDEX('TIME REPORT'!$A:$A,IFERROR(_xlfn.AGGREGATE(15,6,ROW('TIME REPORT'!$Q$6:$Q$98)/('TIME REPORT'!$Q$6:$Q$98=$T$3),ROW()-5),""))))>0)),IF(INDEX('TIME REPORT'!$B:$B,IFERROR(_xlfn.AGGREGATE(15,6,ROW('TIME REPORT'!$Q$6:$Q$98)/('TIME REPORT'!$Q$6:$Q$98=$T$3),ROW()-5),""))=0.01,1,INT(INDEX('TIME REPORT'!$B:$B,IFERROR(_xlfn.AGGREGATE(15,6,ROW('TIME REPORT'!$Q$6:$Q$98)/('TIME REPORT'!$Q$6:$Q$98=$T$3),ROW()-5),"")))*60+ROUND(MOD(INDEX('TIME REPORT'!$B:$B,IFERROR(_xlfn.AGGREGATE(15,6,ROW('TIME REPORT'!$Q$6:$Q$98)/('TIME REPORT'!$Q$6:$Q$98=$T$3),ROW()-5),"")),1)*100,0)),INT(INDEX('TIME REPORT'!$B:$B,IFERROR(_xlfn.AGGREGATE(15,6,ROW('TIME REPORT'!$Q$6:$Q$98)/('TIME REPORT'!$Q$6:$Q$98=$T$3),ROW()-5),"")))*60+ROUND(MOD(INDEX('TIME REPORT'!$B:$B,IFERROR(_xlfn.AGGREGATE(15,6,ROW('TIME REPORT'!$Q$6:$Q$98)/('TIME REPORT'!$Q$6:$Q$98=$T$3),ROW()-5),"")),1)*100,0)+($T$1+$T$2)*60)),60)/100)} | C11: {=IF(IFERROR(_xlfn.AGGREGATE(15,6,ROW('TIME REPORT'!$Q$6:$Q$98)/('TIME REPORT'!$Q$6:$Q$98=$T$3),ROW()-5),"")="","",INDEX('TIME REPORT'!$C:$C,IFERROR(_xlfn.AGGREGATE(15,6,ROW('TIME REPORT'!$Q$6:$Q$98)/('TIME REPORT'!$Q$6:$Q$98=$T$3),ROW()-5),"")))} | E11: {=IF(IFERROR(_xlfn.AGGREGATE(15,6,ROW('TIME REPORT'!$Q$6:$Q$98)/('TIME REPORT'!$Q$6:$Q$98=$T$3),ROW()-5),"")="","",INDEX('TIME REPORT'!$E:$E,IFERROR(_xlfn.AGGREGATE(15,6,ROW('TIME REPORT'!$Q$6:$Q$98)/('TIME REPORT'!$Q$6:$Q$98=$T$3),ROW()-5),"")))} | H11: {=IF(IFERROR(_xlfn.AGGREGATE(15,6,ROW('TIME REPORT'!$Q$6:$Q$98)/('TIME REPORT'!$Q$6:$Q$98=$T$3),ROW()-5),"")="","",INDEX('TIME REPORT'!$H:$H,IFERROR(_xlfn.AGGREGATE(15,6,ROW('TIME REPORT'!$Q$6:$Q$98)/('TIME REPORT'!$Q$6:$Q$98=$T$3),ROW()-5),"")))} | I11: {=IF(IFERROR(_xlfn.AGGREGATE(15,6,ROW('TIME REPORT'!$Q$6:$Q$98)/('TIME REPORT'!$Q$6:$Q$98=$T$3),ROW()-5),"")="","",INDEX('TIME REPORT'!$I:$I,IFERROR(_xlfn.AGGREGATE(15,6,ROW('TIME REPORT'!$Q$6:$Q$98)/('TIME REPORT'!$Q$6:$Q$98=$T$3),ROW()-5),"")))} | N11: {=IF(IFERROR(_xlfn.AGGREGATE(15,6,ROW('TIME REPORT'!$Q$6:$Q$98)/('TIME REPORT'!$Q$6:$Q$98=$T$3),ROW()-5),"")="","",INT(IF(IFERROR(_xlfn.AGGREGATE(15,6,ROW('TIME REPORT'!$Q$6:$Q$98)/('TIME REPORT'!$Q$6:$Q$98=$T$3),ROW()-5),"")="","",IF(IF(IFERROR(_xlfn.AGGREGATE(15,6,ROW('TIME REPORT'!$Q$6:$Q$98)/('TIME REPORT'!$Q$6:$Q$98=$T$3),ROW()-5),"")="","",OR(WEEKDAY(DATE(HOLIDAYS!$E$3,HOLIDAYS!$E$2,INDEX('TIME REPORT'!$A:$A,IFERROR(_xlfn.AGGREGATE(15,6,ROW('TIME REPORT'!$Q$6:$Q$98)/('TIME REPORT'!$Q$6:$Q$98=$T$3),ROW()-5),""))),2)=6,WEEKDAY(DATE(HOLIDAYS!$E$3,HOLIDAYS!$E$2,INDEX('TIME REPORT'!$A:$A,IFERROR(_xlfn.AGGREGATE(15,6,ROW('TIME REPORT'!$Q$6:$Q$98)/('TIME REPORT'!$Q$6:$Q$98=$T$3),ROW()-5),""))),2)=7,COUNTIF(HOLIDAYS!$A$5:$A$199,DATE(HOLIDAYS!$E$3,HOLIDAYS!$E$2,INDEX('TIME REPORT'!$A:$A,IFERROR(_xlfn.AGGREGATE(15,6,ROW('TIME REPORT'!$Q$6:$Q$98)/('TIME REPORT'!$Q$6:$Q$98=$T$3),ROW()-5),""))))>0)),INDEX('TIME REPORT'!$N:$N,IFERROR(_xlfn.AGGREGATE(15,6,ROW('TIME REPORT'!$Q$6:$Q$98)/('TIME REPORT'!$Q$6:$Q$98=$T$3),ROW()-5),""))*60+INDEX('TIME REPORT'!$P:$P,IFERROR(_xlfn.AGGREGATE(15,6,ROW('TIME REPORT'!$Q$6:$Q$98)/('TIME REPORT'!$Q$6:$Q$98=$T$3),ROW()-5),"")),MAX(0,INDEX('TIME REPORT'!$N:$N,IFERROR(_xlfn.AGGREGATE(15,6,ROW('TIME REPORT'!$Q$6:$Q$98)/('TIME REPORT'!$Q$6:$Q$98=$T$3),ROW()-5),""))*60+INDEX('TIME REPORT'!$P:$P,IFERROR(_xlfn.AGGREGATE(15,6,ROW('TIME REPORT'!$Q$6:$Q$98)/('TIME REPORT'!$Q$6:$Q$98=$T$3),ROW()-5),""))-$T$1*60)))/60))} | P11: {=IF(IFERROR(_xlfn.AGGREGATE(15,6,ROW('TIME REPORT'!$Q$6:$Q$98)/('TIME REPORT'!$Q$6:$Q$98=$T$3),ROW()-5),"")="","",MOD(IF(IFERROR(_xlfn.AGGREGATE(15,6,ROW('TIME REPORT'!$Q$6:$Q$98)/('TIME REPORT'!$Q$6:$Q$98=$T$3),ROW()-5),"")="","",IF(IF(IFERROR(_xlfn.AGGREGATE(15,6,ROW('TIME REPORT'!$Q$6:$Q$98)/('TIME REPORT'!$Q$6:$Q$98=$T$3),ROW()-5),"")="","",OR(WEEKDAY(DATE(HOLIDAYS!$E$3,HOLIDAYS!$E$2,INDEX('TIME REPORT'!$A:$A,IFERROR(_xlfn.AGGREGATE(15,6,ROW('TIME REPORT'!$Q$6:$Q$98)/('TIME REPORT'!$Q$6:$Q$98=$T$3),ROW()-5),""))),2)=6,WEEKDAY(DATE(HOLIDAYS!$E$3,HOLIDAYS!$E$2,INDEX('TIME REPORT'!$A:$A,IFERROR(_xlfn.AGGREGATE(15,6,ROW('TIME REPORT'!$Q$6:$Q$98)/('TIME REPORT'!$Q$6:$Q$98=$T$3),ROW()-5),""))),2)=7,COUNTIF(HOLIDAYS!$A$5:$A$199,DATE(HOLIDAYS!$E$3,HOLIDAYS!$E$2,INDEX('TIME REPORT'!$A:$A,IFERROR(_xlfn.AGGREGATE(15,6,ROW('TIME REPORT'!$Q$6:$Q$98)/('TIME REPORT'!$Q$6:$Q$98=$T$3),ROW()-5),""))))>0)),INDEX('TIME REPORT'!$N:$N,IFERROR(_xlfn.AGGREGATE(15,6,ROW('TIME REPORT'!$Q$6:$Q$98)/('TIME REPORT'!$Q$6:$Q$98=$T$3),ROW()-5),""))*60+INDEX('TIME REPORT'!$P:$P,IFERROR(_xlfn.AGGREGATE(15,6,ROW('TIME REPORT'!$Q$6:$Q$98)/('TIME REPORT'!$Q$6:$Q$98=$T$3),ROW()-5),"")),MAX(0,INDEX('TIME REPORT'!$N:$N,IFERROR(_xlfn.AGGREGATE(15,6,ROW('TIME REPORT'!$Q$6:$Q$98)/('TIME REPORT'!$Q$6:$Q$98=$T$3),ROW()-5),""))*60+INDEX('TIME REPORT'!$P:$P,IFERROR(_xlfn.AGGREGATE(15,6,ROW('TIME REPORT'!$Q$6:$Q$98)/('TIME REPORT'!$Q$6:$Q$98=$T$3),ROW()-5),""))-$T$1*60))),60))} | Q11: {=IF(IFERROR(_xlfn.AGGREGATE(15,6,ROW('TIME REPORT'!$Q$6:$Q$98)/('TIME REPORT'!$Q$6:$Q$98=$T$3),ROW()-5),"")="","",$T$3)}
A12: {=IF(IFERROR(_xlfn.AGGREGATE(15,6,ROW('TIME REPORT'!$Q$6:$Q$98)/('TIME REPORT'!$Q$6:$Q$98=$T$3),ROW()-5),"")="","",INDEX('TIME REPORT'!$A:$A,IFERROR(_xlfn.AGGREGATE(15,6,ROW('TIME REPORT'!$Q$6:$Q$98)/('TIME REPORT'!$Q$6:$Q$98=$T$3),ROW()-5),"")))} | B12: {=IF(IFERROR(_xlfn.AGGREGATE(15,6,ROW('TIME REPORT'!$Q$6:$Q$98)/('TIME REPORT'!$Q$6:$Q$98=$T$3),ROW()-5),"")="","",INT(IF(IFERROR(_xlfn.AGGREGATE(15,6,ROW('TIME REPORT'!$Q$6:$Q$98)/('TIME REPORT'!$Q$6:$Q$98=$T$3),ROW()-5),"")="","",IF(IF(IFERROR(_xlfn.AGGREGATE(15,6,ROW('TIME REPORT'!$Q$6:$Q$98)/('TIME REPORT'!$Q$6:$Q$98=$T$3),ROW()-5),"")="","",OR(WEEKDAY(DATE(HOLIDAYS!$E$3,HOLIDAYS!$E$2,INDEX('TIME REPORT'!$A:$A,IFERROR(_xlfn.AGGREGATE(15,6,ROW('TIME REPORT'!$Q$6:$Q$98)/('TIME REPORT'!$Q$6:$Q$98=$T$3),ROW()-5),""))),2)=6,WEEKDAY(DATE(HOLIDAYS!$E$3,HOLIDAYS!$E$2,INDEX('TIME REPORT'!$A:$A,IFERROR(_xlfn.AGGREGATE(15,6,ROW('TIME REPORT'!$Q$6:$Q$98)/('TIME REPORT'!$Q$6:$Q$98=$T$3),ROW()-5),""))),2)=7,COUNTIF(HOLIDAYS!$A$5:$A$199,DATE(HOLIDAYS!$E$3,HOLIDAYS!$E$2,INDEX('TIME REPORT'!$A:$A,IFERROR(_xlfn.AGGREGATE(15,6,ROW('TIME REPORT'!$Q$6:$Q$98)/('TIME REPORT'!$Q$6:$Q$98=$T$3),ROW()-5),""))))>0)),IF(INDEX('TIME REPORT'!$B:$B,IFERROR(_xlfn.AGGREGATE(15,6,ROW('TIME REPORT'!$Q$6:$Q$98)/('TIME REPORT'!$Q$6:$Q$98=$T$3),ROW()-5),""))=0.01,1,INT(INDEX('TIME REPORT'!$B:$B,IFERROR(_xlfn.AGGREGATE(15,6,ROW('TIME REPORT'!$Q$6:$Q$98)/('TIME REPORT'!$Q$6:$Q$98=$T$3),ROW()-5),"")))*60+ROUND(MOD(INDEX('TIME REPORT'!$B:$B,IFERROR(_xlfn.AGGREGATE(15,6,ROW('TIME REPORT'!$Q$6:$Q$98)/('TIME REPORT'!$Q$6:$Q$98=$T$3),ROW()-5),"")),1)*100,0)),INT(INDEX('TIME REPORT'!$B:$B,IFERROR(_xlfn.AGGREGATE(15,6,ROW('TIME REPORT'!$Q$6:$Q$98)/('TIME REPORT'!$Q$6:$Q$98=$T$3),ROW()-5),"")))*60+ROUND(MOD(INDEX('TIME REPORT'!$B:$B,IFERROR(_xlfn.AGGREGATE(15,6,ROW('TIME REPORT'!$Q$6:$Q$98)/('TIME REPORT'!$Q$6:$Q$98=$T$3),ROW()-5),"")),1)*100,0)+($T$1+$T$2)*60))/60)+MOD(IF(IFERROR(_xlfn.AGGREGATE(15,6,ROW('TIME REPORT'!$Q$6:$Q$98)/('TIME REPORT'!$Q$6:$Q$98=$T$3),ROW()-5),"")="","",IF(IF(IFERROR(_xlfn.AGGREGATE(15,6,ROW('TIME REPORT'!$Q$6:$Q$98)/('TIME REPORT'!$Q$6:$Q$98=$T$3),ROW()-5),"")="","",OR(WEEKDAY(DATE(HOLIDAYS!$E$3,HOLIDAYS!$E$2,INDEX('TIME REPORT'!$A:$A,IFERROR(_xlfn.AGGREGATE(15,6,ROW('TIME REPORT'!$Q$6:$Q$98)/('TIME REPORT'!$Q$6:$Q$98=$T$3),ROW()-5),""))),2)=6,WEEKDAY(DATE(HOLIDAYS!$E$3,HOLIDAYS!$E$2,INDEX('TIME REPORT'!$A:$A,IFERROR(_xlfn.AGGREGATE(15,6,ROW('TIME REPORT'!$Q$6:$Q$98)/('TIME REPORT'!$Q$6:$Q$98=$T$3),ROW()-5),""))),2)=7,COUNTIF(HOLIDAYS!$A$5:$A$199,DATE(HOLIDAYS!$E$3,HOLIDAYS!$E$2,INDEX('TIME REPORT'!$A:$A,IFERROR(_xlfn.AGGREGATE(15,6,ROW('TIME REPORT'!$Q$6:$Q$98)/('TIME REPORT'!$Q$6:$Q$98=$T$3),ROW()-5),""))))>0)),IF(INDEX('TIME REPORT'!$B:$B,IFERROR(_xlfn.AGGREGATE(15,6,ROW('TIME REPORT'!$Q$6:$Q$98)/('TIME REPORT'!$Q$6:$Q$98=$T$3),ROW()-5),""))=0.01,1,INT(INDEX('TIME REPORT'!$B:$B,IFERROR(_xlfn.AGGREGATE(15,6,ROW('TIME REPORT'!$Q$6:$Q$98)/('TIME REPORT'!$Q$6:$Q$98=$T$3),ROW()-5),"")))*60+ROUND(MOD(INDEX('TIME REPORT'!$B:$B,IFERROR(_xlfn.AGGREGATE(15,6,ROW('TIME REPORT'!$Q$6:$Q$98)/('TIME REPORT'!$Q$6:$Q$98=$T$3),ROW()-5),"")),1)*100,0)),INT(INDEX('TIME REPORT'!$B:$B,IFERROR(_xlfn.AGGREGATE(15,6,ROW('TIME REPORT'!$Q$6:$Q$98)/('TIME REPORT'!$Q$6:$Q$98=$T$3),ROW()-5),"")))*60+ROUND(MOD(INDEX('TIME REPORT'!$B:$B,IFERROR(_xlfn.AGGREGATE(15,6,ROW('TIME REPORT'!$Q$6:$Q$98)/('TIME REPORT'!$Q$6:$Q$98=$T$3),ROW()-5),"")),1)*100,0)+($T$1+$T$2)*60)),60)/100)} | C12: {=IF(IFERROR(_xlfn.AGGREGATE(15,6,ROW('TIME REPORT'!$Q$6:$Q$98)/('TIME REPORT'!$Q$6:$Q$98=$T$3),ROW()-5),"")="","",INDEX('TIME REPORT'!$C:$C,IFERROR(_xlfn.AGGREGATE(15,6,ROW('TIME REPORT'!$Q$6:$Q$98)/('TIME REPORT'!$Q$6:$Q$98=$T$3),ROW()-5),"")))} | E12: {=IF(IFERROR(_xlfn.AGGREGATE(15,6,ROW('TIME REPORT'!$Q$6:$Q$98)/('TIME REPORT'!$Q$6:$Q$98=$T$3),ROW()-5),"")="","",INDEX('TIME REPORT'!$E:$E,IFERROR(_xlfn.AGGREGATE(15,6,ROW('TIME REPORT'!$Q$6:$Q$98)/('TIME REPORT'!$Q$6:$Q$98=$T$3),ROW()-5),"")))} | H12: {=IF(IFERROR(_xlfn.AGGREGATE(15,6,ROW('TIME REPORT'!$Q$6:$Q$98)/('TIME REPORT'!$Q$6:$Q$98=$T$3),ROW()-5),"")="","",INDEX('TIME REPORT'!$H:$H,IFERROR(_xlfn.AGGREGATE(15,6,ROW('TIME REPORT'!$Q$6:$Q$98)/('TIME REPORT'!$Q$6:$Q$98=$T$3),ROW()-5),"")))} | I12: {=IF(IFERROR(_xlfn.AGGREGATE(15,6,ROW('TIME REPORT'!$Q$6:$Q$98)/('TIME REPORT'!$Q$6:$Q$98=$T$3),ROW()-5),"")="","",INDEX('TIME REPORT'!$I:$I,IFERROR(_xlfn.AGGREGATE(15,6,ROW('TIME REPORT'!$Q$6:$Q$98)/('TIME REPORT'!$Q$6:$Q$98=$T$3),ROW()-5),"")))} | N12: {=IF(IFERROR(_xlfn.AGGREGATE(15,6,ROW('TIME REPORT'!$Q$6:$Q$98)/('TIME REPORT'!$Q$6:$Q$98=$T$3),ROW()-5),"")="","",INT(IF(IFERROR(_xlfn.AGGREGATE(15,6,ROW('TIME REPORT'!$Q$6:$Q$98)/('TIME REPORT'!$Q$6:$Q$98=$T$3),ROW()-5),"")="","",IF(IF(IFERROR(_xlfn.AGGREGATE(15,6,ROW('TIME REPORT'!$Q$6:$Q$98)/('TIME REPORT'!$Q$6:$Q$98=$T$3),ROW()-5),"")="","",OR(WEEKDAY(DATE(HOLIDAYS!$E$3,HOLIDAYS!$E$2,INDEX('TIME REPORT'!$A:$A,IFERROR(_xlfn.AGGREGATE(15,6,ROW('TIME REPORT'!$Q$6:$Q$98)/('TIME REPORT'!$Q$6:$Q$98=$T$3),ROW()-5),""))),2)=6,WEEKDAY(DATE(HOLIDAYS!$E$3,HOLIDAYS!$E$2,INDEX('TIME REPORT'!$A:$A,IFERROR(_xlfn.AGGREGATE(15,6,ROW('TIME REPORT'!$Q$6:$Q$98)/('TIME REPORT'!$Q$6:$Q$98=$T$3),ROW()-5),""))),2)=7,COUNTIF(HOLIDAYS!$A$5:$A$199,DATE(HOLIDAYS!$E$3,HOLIDAYS!$E$2,INDEX('TIME REPORT'!$A:$A,IFERROR(_xlfn.AGGREGATE(15,6,ROW('TIME REPORT'!$Q$6:$Q$98)/('TIME REPORT'!$Q$6:$Q$98=$T$3),ROW()-5),""))))>0)),INDEX('TIME REPORT'!$N:$N,IFERROR(_xlfn.AGGREGATE(15,6,ROW('TIME REPORT'!$Q$6:$Q$98)/('TIME REPORT'!$Q$6:$Q$98=$T$3),ROW()-5),""))*60+INDEX('TIME REPORT'!$P:$P,IFERROR(_xlfn.AGGREGATE(15,6,ROW('TIME REPORT'!$Q$6:$Q$98)/('TIME REPORT'!$Q$6:$Q$98=$T$3),ROW()-5),"")),MAX(0,INDEX('TIME REPORT'!$N:$N,IFERROR(_xlfn.AGGREGATE(15,6,ROW('TIME REPORT'!$Q$6:$Q$98)/('TIME REPORT'!$Q$6:$Q$98=$T$3),ROW()-5),""))*60+INDEX('TIME REPORT'!$P:$P,IFERROR(_xlfn.AGGREGATE(15,6,ROW('TIME REPORT'!$Q$6:$Q$98)/('TIME REPORT'!$Q$6:$Q$98=$T$3),ROW()-5),""))-$T$1*60)))/60))} | P12: {=IF(IFERROR(_xlfn.AGGREGATE(15,6,ROW('TIME REPORT'!$Q$6:$Q$98)/('TIME REPORT'!$Q$6:$Q$98=$T$3),ROW()-5),"")="","",MOD(IF(IFERROR(_xlfn.AGGREGATE(15,6,ROW('TIME REPORT'!$Q$6:$Q$98)/('TIME REPORT'!$Q$6:$Q$98=$T$3),ROW()-5),"")="","",IF(IF(IFERROR(_xlfn.AGGREGATE(15,6,ROW('TIME REPORT'!$Q$6:$Q$98)/('TIME REPORT'!$Q$6:$Q$98=$T$3),ROW()-5),"")="","",OR(WEEKDAY(DATE(HOLIDAYS!$E$3,HOLIDAYS!$E$2,INDEX('TIME REPORT'!$A:$A,IFERROR(_xlfn.AGGREGATE(15,6,ROW('TIME REPORT'!$Q$6:$Q$98)/('TIME REPORT'!$Q$6:$Q$98=$T$3),ROW()-5),""))),2)=6,WEEKDAY(DATE(HOLIDAYS!$E$3,HOLIDAYS!$E$2,INDEX('TIME REPORT'!$A:$A,IFERROR(_xlfn.AGGREGATE(15,6,ROW('TIME REPORT'!$Q$6:$Q$98)/('TIME REPORT'!$Q$6:$Q$98=$T$3),ROW()-5),""))),2)=7,COUNTIF(HOLIDAYS!$A$5:$A$199,DATE(HOLIDAYS!$E$3,HOLIDAYS!$E$2,INDEX('TIME REPORT'!$A:$A,IFERROR(_xlfn.AGGREGATE(15,6,ROW('TIME REPORT'!$Q$6:$Q$98)/('TIME REPORT'!$Q$6:$Q$98=$T$3),ROW()-5),""))))>0)),INDEX('TIME REPORT'!$N:$N,IFERROR(_xlfn.AGGREGATE(15,6,ROW('TIME REPORT'!$Q$6:$Q$98)/('TIME REPORT'!$Q$6:$Q$98=$T$3),ROW()-5),""))*60+INDEX('TIME REPORT'!$P:$P,IFERROR(_xlfn.AGGREGATE(15,6,ROW('TIME REPORT'!$Q$6:$Q$98)/('TIME REPORT'!$Q$6:$Q$98=$T$3),ROW()-5),"")),MAX(0,INDEX('TIME REPORT'!$N:$N,IFERROR(_xlfn.AGGREGATE(15,6,ROW('TIME REPORT'!$Q$6:$Q$98)/('TIME REPORT'!$Q$6:$Q$98=$T$3),ROW()-5),""))*60+INDEX('TIME REPORT'!$P:$P,IFERROR(_xlfn.AGGREGATE(15,6,ROW('TIME REPORT'!$Q$6:$Q$98)/('TIME REPORT'!$Q$6:$Q$98=$T$3),ROW()-5),""))-$T$1*60))),60))} | Q12: {=IF(IFERROR(_xlfn.AGGREGATE(15,6,ROW('TIME REPORT'!$Q$6:$Q$98)/('TIME REPORT'!$Q$6:$Q$98=$T$3),ROW()-5),"")="","",$T$3)}
A13: {=IF(IFERROR(_xlfn.AGGREGATE(15,6,ROW('TIME REPORT'!$Q$6:$Q$98)/('TIME REPORT'!$Q$6:$Q$98=$T$3),ROW()-5),"")="","",INDEX('TIME REPORT'!$A:$A,IFERROR(_xlfn.AGGREGATE(15,6,ROW('TIME REPORT'!$Q$6:$Q$98)/('TIME REPORT'!$Q$6:$Q$98=$T$3),ROW()-5),"")))} | B13: {=IF(IFERROR(_xlfn.AGGREGATE(15,6,ROW('TIME REPORT'!$Q$6:$Q$98)/('TIME REPORT'!$Q$6:$Q$98=$T$3),ROW()-5),"")="","",INT(IF(IFERROR(_xlfn.AGGREGATE(15,6,ROW('TIME REPORT'!$Q$6:$Q$98)/('TIME REPORT'!$Q$6:$Q$98=$T$3),ROW()-5),"")="","",IF(IF(IFERROR(_xlfn.AGGREGATE(15,6,ROW('TIME REPORT'!$Q$6:$Q$98)/('TIME REPORT'!$Q$6:$Q$98=$T$3),ROW()-5),"")="","",OR(WEEKDAY(DATE(HOLIDAYS!$E$3,HOLIDAYS!$E$2,INDEX('TIME REPORT'!$A:$A,IFERROR(_xlfn.AGGREGATE(15,6,ROW('TIME REPORT'!$Q$6:$Q$98)/('TIME REPORT'!$Q$6:$Q$98=$T$3),ROW()-5),""))),2)=6,WEEKDAY(DATE(HOLIDAYS!$E$3,HOLIDAYS!$E$2,INDEX('TIME REPORT'!$A:$A,IFERROR(_xlfn.AGGREGATE(15,6,ROW('TIME REPORT'!$Q$6:$Q$98)/('TIME REPORT'!$Q$6:$Q$98=$T$3),ROW()-5),""))),2)=7,COUNTIF(HOLIDAYS!$A$5:$A$199,DATE(HOLIDAYS!$E$3,HOLIDAYS!$E$2,INDEX('TIME REPORT'!$A:$A,IFERROR(_xlfn.AGGREGATE(15,6,ROW('TIME REPORT'!$Q$6:$Q$98)/('TIME REPORT'!$Q$6:$Q$98=$T$3),ROW()-5),""))))>0)),IF(INDEX('TIME REPORT'!$B:$B,IFERROR(_xlfn.AGGREGATE(15,6,ROW('TIME REPORT'!$Q$6:$Q$98)/('TIME REPORT'!$Q$6:$Q$98=$T$3),ROW()-5),""))=0.01,1,INT(INDEX('TIME REPORT'!$B:$B,IFERROR(_xlfn.AGGREGATE(15,6,ROW('TIME REPORT'!$Q$6:$Q$98)/('TIME REPORT'!$Q$6:$Q$98=$T$3),ROW()-5),"")))*60+ROUND(MOD(INDEX('TIME REPORT'!$B:$B,IFERROR(_xlfn.AGGREGATE(15,6,ROW('TIME REPORT'!$Q$6:$Q$98)/('TIME REPORT'!$Q$6:$Q$98=$T$3),ROW()-5),"")),1)*100,0)),INT(INDEX('TIME REPORT'!$B:$B,IFERROR(_xlfn.AGGREGATE(15,6,ROW('TIME REPORT'!$Q$6:$Q$98)/('TIME REPORT'!$Q$6:$Q$98=$T$3),ROW()-5),"")))*60+ROUND(MOD(INDEX('TIME REPORT'!$B:$B,IFERROR(_xlfn.AGGREGATE(15,6,ROW('TIME REPORT'!$Q$6:$Q$98)/('TIME REPORT'!$Q$6:$Q$98=$T$3),ROW()-5),"")),1)*100,0)+($T$1+$T$2)*60))/60)+MOD(IF(IFERROR(_xlfn.AGGREGATE(15,6,ROW('TIME REPORT'!$Q$6:$Q$98)/('TIME REPORT'!$Q$6:$Q$98=$T$3),ROW()-5),"")="","",IF(IF(IFERROR(_xlfn.AGGREGATE(15,6,ROW('TIME REPORT'!$Q$6:$Q$98)/('TIME REPORT'!$Q$6:$Q$98=$T$3),ROW()-5),"")="","",OR(WEEKDAY(DATE(HOLIDAYS!$E$3,HOLIDAYS!$E$2,INDEX('TIME REPORT'!$A:$A,IFERROR(_xlfn.AGGREGATE(15,6,ROW('TIME REPORT'!$Q$6:$Q$98)/('TIME REPORT'!$Q$6:$Q$98=$T$3),ROW()-5),""))),2)=6,WEEKDAY(DATE(HOLIDAYS!$E$3,HOLIDAYS!$E$2,INDEX('TIME REPORT'!$A:$A,IFERROR(_xlfn.AGGREGATE(15,6,ROW('TIME REPORT'!$Q$6:$Q$98)/('TIME REPORT'!$Q$6:$Q$98=$T$3),ROW()-5),""))),2)=7,COUNTIF(HOLIDAYS!$A$5:$A$199,DATE(HOLIDAYS!$E$3,HOLIDAYS!$E$2,INDEX('TIME REPORT'!$A:$A,IFERROR(_xlfn.AGGREGATE(15,6,ROW('TIME REPORT'!$Q$6:$Q$98)/('TIME REPORT'!$Q$6:$Q$98=$T$3),ROW()-5),""))))>0)),IF(INDEX('TIME REPORT'!$B:$B,IFERROR(_xlfn.AGGREGATE(15,6,ROW('TIME REPORT'!$Q$6:$Q$98)/('TIME REPORT'!$Q$6:$Q$98=$T$3),ROW()-5),""))=0.01,1,INT(INDEX('TIME REPORT'!$B:$B,IFERROR(_xlfn.AGGREGATE(15,6,ROW('TIME REPORT'!$Q$6:$Q$98)/('TIME REPORT'!$Q$6:$Q$98=$T$3),ROW()-5),"")))*60+ROUND(MOD(INDEX('TIME REPORT'!$B:$B,IFERROR(_xlfn.AGGREGATE(15,6,ROW('TIME REPORT'!$Q$6:$Q$98)/('TIME REPORT'!$Q$6:$Q$98=$T$3),ROW()-5),"")),1)*100,0)),INT(INDEX('TIME REPORT'!$B:$B,IFERROR(_xlfn.AGGREGATE(15,6,ROW('TIME REPORT'!$Q$6:$Q$98)/('TIME REPORT'!$Q$6:$Q$98=$T$3),ROW()-5),"")))*60+ROUND(MOD(INDEX('TIME REPORT'!$B:$B,IFERROR(_xlfn.AGGREGATE(15,6,ROW('TIME REPORT'!$Q$6:$Q$98)/('TIME REPORT'!$Q$6:$Q$98=$T$3),ROW()-5),"")),1)*100,0)+($T$1+$T$2)*60)),60)/100)} | C13: {=IF(IFERROR(_xlfn.AGGREGATE(15,6,ROW('TIME REPORT'!$Q$6:$Q$98)/('TIME REPORT'!$Q$6:$Q$98=$T$3),ROW()-5),"")="","",INDEX('TIME REPORT'!$C:$C,IFERROR(_xlfn.AGGREGATE(15,6,ROW('TIME REPORT'!$Q$6:$Q$98)/('TIME REPORT'!$Q$6:$Q$98=$T$3),ROW()-5),"")))} | E13: {=IF(IFERROR(_xlfn.AGGREGATE(15,6,ROW('TIME REPORT'!$Q$6:$Q$98)/('TIME REPORT'!$Q$6:$Q$98=$T$3),ROW()-5),"")="","",INDEX('TIME REPORT'!$E:$E,IFERROR(_xlfn.AGGREGATE(15,6,ROW('TIME REPORT'!$Q$6:$Q$98)/('TIME REPORT'!$Q$6:$Q$98=$T$3),ROW()-5),"")))} | H13: {=IF(IFERROR(_xlfn.AGGREGATE(15,6,ROW('TIME REPORT'!$Q$6:$Q$98)/('TIME REPORT'!$Q$6:$Q$98=$T$3),ROW()-5),"")="","",INDEX('TIME REPORT'!$H:$H,IFERROR(_xlfn.AGGREGATE(15,6,ROW('TIME REPORT'!$Q$6:$Q$98)/('TIME REPORT'!$Q$6:$Q$98=$T$3),ROW()-5),"")))} | I13: {=IF(IFERROR(_xlfn.AGGREGATE(15,6,ROW('TIME REPORT'!$Q$6:$Q$98)/('TIME REPORT'!$Q$6:$Q$98=$T$3),ROW()-5),"")="","",INDEX('TIME REPORT'!$I:$I,IFERROR(_xlfn.AGGREGATE(15,6,ROW('TIME REPORT'!$Q$6:$Q$98)/('TIME REPORT'!$Q$6:$Q$98=$T$3),ROW()-5),"")))} | N13: {=IF(IFERROR(_xlfn.AGGREGATE(15,6,ROW('TIME REPORT'!$Q$6:$Q$98)/('TIME REPORT'!$Q$6:$Q$98=$T$3),ROW()-5),"")="","",INT(IF(IFERROR(_xlfn.AGGREGATE(15,6,ROW('TIME REPORT'!$Q$6:$Q$98)/('TIME REPORT'!$Q$6:$Q$98=$T$3),ROW()-5),"")="","",IF(IF(IFERROR(_xlfn.AGGREGATE(15,6,ROW('TIME REPORT'!$Q$6:$Q$98)/('TIME REPORT'!$Q$6:$Q$98=$T$3),ROW()-5),"")="","",OR(WEEKDAY(DATE(HOLIDAYS!$E$3,HOLIDAYS!$E$2,INDEX('TIME REPORT'!$A:$A,IFERROR(_xlfn.AGGREGATE(15,6,ROW('TIME REPORT'!$Q$6:$Q$98)/('TIME REPORT'!$Q$6:$Q$98=$T$3),ROW()-5),""))),2)=6,WEEKDAY(DATE(HOLIDAYS!$E$3,HOLIDAYS!$E$2,INDEX('TIME REPORT'!$A:$A,IFERROR(_xlfn.AGGREGATE(15,6,ROW('TIME REPORT'!$Q$6:$Q$98)/('TIME REPORT'!$Q$6:$Q$98=$T$3),ROW()-5),""))),2)=7,COUNTIF(HOLIDAYS!$A$5:$A$199,DATE(HOLIDAYS!$E$3,HOLIDAYS!$E$2,INDEX('TIME REPORT'!$A:$A,IFERROR(_xlfn.AGGREGATE(15,6,ROW('TIME REPORT'!$Q$6:$Q$98)/('TIME REPORT'!$Q$6:$Q$98=$T$3),ROW()-5),""))))>0)),INDEX('TIME REPORT'!$N:$N,IFERROR(_xlfn.AGGREGATE(15,6,ROW('TIME REPORT'!$Q$6:$Q$98)/('TIME REPORT'!$Q$6:$Q$98=$T$3),ROW()-5),""))*60+INDEX('TIME REPORT'!$P:$P,IFERROR(_xlfn.AGGREGATE(15,6,ROW('TIME REPORT'!$Q$6:$Q$98)/('TIME REPORT'!$Q$6:$Q$98=$T$3),ROW()-5),"")),MAX(0,INDEX('TIME REPORT'!$N:$N,IFERROR(_xlfn.AGGREGATE(15,6,ROW('TIME REPORT'!$Q$6:$Q$98)/('TIME REPORT'!$Q$6:$Q$98=$T$3),ROW()-5),""))*60+INDEX('TIME REPORT'!$P:$P,IFERROR(_xlfn.AGGREGATE(15,6,ROW('TIME REPORT'!$Q$6:$Q$98)/('TIME REPORT'!$Q$6:$Q$98=$T$3),ROW()-5),""))-$T$1*60)))/60))} | P13: {=IF(IFERROR(_xlfn.AGGREGATE(15,6,ROW('TIME REPORT'!$Q$6:$Q$98)/('TIME REPORT'!$Q$6:$Q$98=$T$3),ROW()-5),"")="","",MOD(IF(IFERROR(_xlfn.AGGREGATE(15,6,ROW('TIME REPORT'!$Q$6:$Q$98)/('TIME REPORT'!$Q$6:$Q$98=$T$3),ROW()-5),"")="","",IF(IF(IFERROR(_xlfn.AGGREGATE(15,6,ROW('TIME REPORT'!$Q$6:$Q$98)/('TIME REPORT'!$Q$6:$Q$98=$T$3),ROW()-5),"")="","",OR(WEEKDAY(DATE(HOLIDAYS!$E$3,HOLIDAYS!$E$2,INDEX('TIME REPORT'!$A:$A,IFERROR(_xlfn.AGGREGATE(15,6,ROW('TIME REPORT'!$Q$6:$Q$98)/('TIME REPORT'!$Q$6:$Q$98=$T$3),ROW()-5),""))),2)=6,WEEKDAY(DATE(HOLIDAYS!$E$3,HOLIDAYS!$E$2,INDEX('TIME REPORT'!$A:$A,IFERROR(_xlfn.AGGREGATE(15,6,ROW('TIME REPORT'!$Q$6:$Q$98)/('TIME REPORT'!$Q$6:$Q$98=$T$3),ROW()-5),""))),2)=7,COUNTIF(HOLIDAYS!$A$5:$A$199,DATE(HOLIDAYS!$E$3,HOLIDAYS!$E$2,INDEX('TIME REPORT'!$A:$A,IFERROR(_xlfn.AGGREGATE(15,6,ROW('TIME REPORT'!$Q$6:$Q$98)/('TIME REPORT'!$Q$6:$Q$98=$T$3),ROW()-5),""))))>0)),INDEX('TIME REPORT'!$N:$N,IFERROR(_xlfn.AGGREGATE(15,6,ROW('TIME REPORT'!$Q$6:$Q$98)/('TIME REPORT'!$Q$6:$Q$98=$T$3),ROW()-5),""))*60+INDEX('TIME REPORT'!$P:$P,IFERROR(_xlfn.AGGREGATE(15,6,ROW('TIME REPORT'!$Q$6:$Q$98)/('TIME REPORT'!$Q$6:$Q$98=$T$3),ROW()-5),"")),MAX(0,INDEX('TIME REPORT'!$N:$N,IFERROR(_xlfn.AGGREGATE(15,6,ROW('TIME REPORT'!$Q$6:$Q$98)/('TIME REPORT'!$Q$6:$Q$98=$T$3),ROW()-5),""))*60+INDEX('TIME REPORT'!$P:$P,IFERROR(_xlfn.AGGREGATE(15,6,ROW('TIME REPORT'!$Q$6:$Q$98)/('TIME REPORT'!$Q$6:$Q$98=$T$3),ROW()-5),""))-$T$1*60))),60))} | Q13: {=IF(IFERROR(_xlfn.AGGREGATE(15,6,ROW('TIME REPORT'!$Q$6:$Q$98)/('TIME REPORT'!$Q$6:$Q$98=$T$3),ROW()-5),"")="","",$T$3)}
A14: {=IF(IFERROR(_xlfn.AGGREGATE(15,6,ROW('TIME REPORT'!$Q$6:$Q$98)/('TIME REPORT'!$Q$6:$Q$98=$T$3),ROW()-5),"")="","",INDEX('TIME REPORT'!$A:$A,IFERROR(_xlfn.AGGREGATE(15,6,ROW('TIME REPORT'!$Q$6:$Q$98)/('TIME REPORT'!$Q$6:$Q$98=$T$3),ROW()-5),"")))} | B14: {=IF(IFERROR(_xlfn.AGGREGATE(15,6,ROW('TIME REPORT'!$Q$6:$Q$98)/('TIME REPORT'!$Q$6:$Q$98=$T$3),ROW()-5),"")="","",INT(IF(IFERROR(_xlfn.AGGREGATE(15,6,ROW('TIME REPORT'!$Q$6:$Q$98)/('TIME REPORT'!$Q$6:$Q$98=$T$3),ROW()-5),"")="","",IF(IF(IFERROR(_xlfn.AGGREGATE(15,6,ROW('TIME REPORT'!$Q$6:$Q$98)/('TIME REPORT'!$Q$6:$Q$98=$T$3),ROW()-5),"")="","",OR(WEEKDAY(DATE(HOLIDAYS!$E$3,HOLIDAYS!$E$2,INDEX('TIME REPORT'!$A:$A,IFERROR(_xlfn.AGGREGATE(15,6,ROW('TIME REPORT'!$Q$6:$Q$98)/('TIME REPORT'!$Q$6:$Q$98=$T$3),ROW()-5),""))),2)=6,WEEKDAY(DATE(HOLIDAYS!$E$3,HOLIDAYS!$E$2,INDEX('TIME REPORT'!$A:$A,IFERROR(_xlfn.AGGREGATE(15,6,ROW('TIME REPORT'!$Q$6:$Q$98)/('TIME REPORT'!$Q$6:$Q$98=$T$3),ROW()-5),""))),2)=7,COUNTIF(HOLIDAYS!$A$5:$A$199,DATE(HOLIDAYS!$E$3,HOLIDAYS!$E$2,INDEX('TIME REPORT'!$A:$A,IFERROR(_xlfn.AGGREGATE(15,6,ROW('TIME REPORT'!$Q$6:$Q$98)/('TIME REPORT'!$Q$6:$Q$98=$T$3),ROW()-5),""))))>0)),IF(INDEX('TIME REPORT'!$B:$B,IFERROR(_xlfn.AGGREGATE(15,6,ROW('TIME REPORT'!$Q$6:$Q$98)/('TIME REPORT'!$Q$6:$Q$98=$T$3),ROW()-5),""))=0.01,1,INT(INDEX('TIME REPORT'!$B:$B,IFERROR(_xlfn.AGGREGATE(15,6,ROW('TIME REPORT'!$Q$6:$Q$98)/('TIME REPORT'!$Q$6:$Q$98=$T$3),ROW()-5),"")))*60+ROUND(MOD(INDEX('TIME REPORT'!$B:$B,IFERROR(_xlfn.AGGREGATE(15,6,ROW('TIME REPORT'!$Q$6:$Q$98)/('TIME REPORT'!$Q$6:$Q$98=$T$3),ROW()-5),"")),1)*100,0)),INT(INDEX('TIME REPORT'!$B:$B,IFERROR(_xlfn.AGGREGATE(15,6,ROW('TIME REPORT'!$Q$6:$Q$98)/('TIME REPORT'!$Q$6:$Q$98=$T$3),ROW()-5),"")))*60+ROUND(MOD(INDEX('TIME REPORT'!$B:$B,IFERROR(_xlfn.AGGREGATE(15,6,ROW('TIME REPORT'!$Q$6:$Q$98)/('TIME REPORT'!$Q$6:$Q$98=$T$3),ROW()-5),"")),1)*100,0)+($T$1+$T$2)*60))/60)+MOD(IF(IFERROR(_xlfn.AGGREGATE(15,6,ROW('TIME REPORT'!$Q$6:$Q$98)/('TIME REPORT'!$Q$6:$Q$98=$T$3),ROW()-5),"")="","",IF(IF(IFERROR(_xlfn.AGGREGATE(15,6,ROW('TIME REPORT'!$Q$6:$Q$98)/('TIME REPORT'!$Q$6:$Q$98=$T$3),ROW()-5),"")="","",OR(WEEKDAY(DATE(HOLIDAYS!$E$3,HOLIDAYS!$E$2,INDEX('TIME REPORT'!$A:$A,IFERROR(_xlfn.AGGREGATE(15,6,ROW('TIME REPORT'!$Q$6:$Q$98)/('TIME REPORT'!$Q$6:$Q$98=$T$3),ROW()-5),""))),2)=6,WEEKDAY(DATE(HOLIDAYS!$E$3,HOLIDAYS!$E$2,INDEX('TIME REPORT'!$A:$A,IFERROR(_xlfn.AGGREGATE(15,6,ROW('TIME REPORT'!$Q$6:$Q$98)/('TIME REPORT'!$Q$6:$Q$98=$T$3),ROW()-5),""))),2)=7,COUNTIF(HOLIDAYS!$A$5:$A$199,DATE(HOLIDAYS!$E$3,HOLIDAYS!$E$2,INDEX('TIME REPORT'!$A:$A,IFERROR(_xlfn.AGGREGATE(15,6,ROW('TIME REPORT'!$Q$6:$Q$98)/('TIME REPORT'!$Q$6:$Q$98=$T$3),ROW()-5),""))))>0)),IF(INDEX('TIME REPORT'!$B:$B,IFERROR(_xlfn.AGGREGATE(15,6,ROW('TIME REPORT'!$Q$6:$Q$98)/('TIME REPORT'!$Q$6:$Q$98=$T$3),ROW()-5),""))=0.01,1,INT(INDEX('TIME REPORT'!$B:$B,IFERROR(_xlfn.AGGREGATE(15,6,ROW('TIME REPORT'!$Q$6:$Q$98)/('TIME REPORT'!$Q$6:$Q$98=$T$3),ROW()-5),"")))*60+ROUND(MOD(INDEX('TIME REPORT'!$B:$B,IFERROR(_xlfn.AGGREGATE(15,6,ROW('TIME REPORT'!$Q$6:$Q$98)/('TIME REPORT'!$Q$6:$Q$98=$T$3),ROW()-5),"")),1)*100,0)),INT(INDEX('TIME REPORT'!$B:$B,IFERROR(_xlfn.AGGREGATE(15,6,ROW('TIME REPORT'!$Q$6:$Q$98)/('TIME REPORT'!$Q$6:$Q$98=$T$3),ROW()-5),"")))*60+ROUND(MOD(INDEX('TIME REPORT'!$B:$B,IFERROR(_xlfn.AGGREGATE(15,6,ROW('TIME REPORT'!$Q$6:$Q$98)/('TIME REPORT'!$Q$6:$Q$98=$T$3),ROW()-5),"")),1)*100,0)+($T$1+$T$2)*60)),60)/100)} | C14: {=IF(IFERROR(_xlfn.AGGREGATE(15,6,ROW('TIME REPORT'!$Q$6:$Q$98)/('TIME REPORT'!$Q$6:$Q$98=$T$3),ROW()-5),"")="","",INDEX('TIME REPORT'!$C:$C,IFERROR(_xlfn.AGGREGATE(15,6,ROW('TIME REPORT'!$Q$6:$Q$98)/('TIME REPORT'!$Q$6:$Q$98=$T$3),ROW()-5),"")))} | E14: {=IF(IFERROR(_xlfn.AGGREGATE(15,6,ROW('TIME REPORT'!$Q$6:$Q$98)/('TIME REPORT'!$Q$6:$Q$98=$T$3),ROW()-5),"")="","",INDEX('TIME REPORT'!$E:$E,IFERROR(_xlfn.AGGREGATE(15,6,ROW('TIME REPORT'!$Q$6:$Q$98)/('TIME REPORT'!$Q$6:$Q$98=$T$3),ROW()-5),"")))} | H14: {=IF(IFERROR(_xlfn.AGGREGATE(15,6,ROW('TIME REPORT'!$Q$6:$Q$98)/('TIME REPORT'!$Q$6:$Q$98=$T$3),ROW()-5),"")="","",INDEX('TIME REPORT'!$H:$H,IFERROR(_xlfn.AGGREGATE(15,6,ROW('TIME REPORT'!$Q$6:$Q$98)/('TIME REPORT'!$Q$6:$Q$98=$T$3),ROW()-5),"")))} | I14: {=IF(IFERROR(_xlfn.AGGREGATE(15,6,ROW('TIME REPORT'!$Q$6:$Q$98)/('TIME REPORT'!$Q$6:$Q$98=$T$3),ROW()-5),"")="","",INDEX('TIME REPORT'!$I:$I,IFERROR(_xlfn.AGGREGATE(15,6,ROW('TIME REPORT'!$Q$6:$Q$98)/('TIME REPORT'!$Q$6:$Q$98=$T$3),ROW()-5),"")))} | N14: {=IF(IFERROR(_xlfn.AGGREGATE(15,6,ROW('TIME REPORT'!$Q$6:$Q$98)/('TIME REPORT'!$Q$6:$Q$98=$T$3),ROW()-5),"")="","",INT(IF(IFERROR(_xlfn.AGGREGATE(15,6,ROW('TIME REPORT'!$Q$6:$Q$98)/('TIME REPORT'!$Q$6:$Q$98=$T$3),ROW()-5),"")="","",IF(IF(IFERROR(_xlfn.AGGREGATE(15,6,ROW('TIME REPORT'!$Q$6:$Q$98)/('TIME REPORT'!$Q$6:$Q$98=$T$3),ROW()-5),"")="","",OR(WEEKDAY(DATE(HOLIDAYS!$E$3,HOLIDAYS!$E$2,INDEX('TIME REPORT'!$A:$A,IFERROR(_xlfn.AGGREGATE(15,6,ROW('TIME REPORT'!$Q$6:$Q$98)/('TIME REPORT'!$Q$6:$Q$98=$T$3),ROW()-5),""))),2)=6,WEEKDAY(DATE(HOLIDAYS!$E$3,HOLIDAYS!$E$2,INDEX('TIME REPORT'!$A:$A,IFERROR(_xlfn.AGGREGATE(15,6,ROW('TIME REPORT'!$Q$6:$Q$98)/('TIME REPORT'!$Q$6:$Q$98=$T$3),ROW()-5),""))),2)=7,COUNTIF(HOLIDAYS!$A$5:$A$199,DATE(HOLIDAYS!$E$3,HOLIDAYS!$E$2,INDEX('TIME REPORT'!$A:$A,IFERROR(_xlfn.AGGREGATE(15,6,ROW('TIME REPORT'!$Q$6:$Q$98)/('TIME REPORT'!$Q$6:$Q$98=$T$3),ROW()-5),""))))>0)),INDEX('TIME REPORT'!$N:$N,IFERROR(_xlfn.AGGREGATE(15,6,ROW('TIME REPORT'!$Q$6:$Q$98)/('TIME REPORT'!$Q$6:$Q$98=$T$3),ROW()-5),""))*60+INDEX('TIME REPORT'!$P:$P,IFERROR(_xlfn.AGGREGATE(15,6,ROW('TIME REPORT'!$Q$6:$Q$98)/('TIME REPORT'!$Q$6:$Q$98=$T$3),ROW()-5),"")),MAX(0,INDEX('TIME REPORT'!$N:$N,IFERROR(_xlfn.AGGREGATE(15,6,ROW('TIME REPORT'!$Q$6:$Q$98)/('TIME REPORT'!$Q$6:$Q$98=$T$3),ROW()-5),""))*60+INDEX('TIME REPORT'!$P:$P,IFERROR(_xlfn.AGGREGATE(15,6,ROW('TIME REPORT'!$Q$6:$Q$98)/('TIME REPORT'!$Q$6:$Q$98=$T$3),ROW()-5),""))-$T$1*60)))/60))} | P14: {=IF(IFERROR(_xlfn.AGGREGATE(15,6,ROW('TIME REPORT'!$Q$6:$Q$98)/('TIME REPORT'!$Q$6:$Q$98=$T$3),ROW()-5),"")="","",MOD(IF(IFERROR(_xlfn.AGGREGATE(15,6,ROW('TIME REPORT'!$Q$6:$Q$98)/('TIME REPORT'!$Q$6:$Q$98=$T$3),ROW()-5),"")="","",IF(IF(IFERROR(_xlfn.AGGREGATE(15,6,ROW('TIME REPORT'!$Q$6:$Q$98)/('TIME REPORT'!$Q$6:$Q$98=$T$3),ROW()-5),"")="","",OR(WEEKDAY(DATE(HOLIDAYS!$E$3,HOLIDAYS!$E$2,INDEX('TIME REPORT'!$A:$A,IFERROR(_xlfn.AGGREGATE(15,6,ROW('TIME REPORT'!$Q$6:$Q$98)/('TIME REPORT'!$Q$6:$Q$98=$T$3),ROW()-5),""))),2)=6,WEEKDAY(DATE(HOLIDAYS!$E$3,HOLIDAYS!$E$2,INDEX('TIME REPORT'!$A:$A,IFERROR(_xlfn.AGGREGATE(15,6,ROW('TIME REPORT'!$Q$6:$Q$98)/('TIME REPORT'!$Q$6:$Q$98=$T$3),ROW()-5),""))),2)=7,COUNTIF(HOLIDAYS!$A$5:$A$199,DATE(HOLIDAYS!$E$3,HOLIDAYS!$E$2,INDEX('TIME REPORT'!$A:$A,IFERROR(_xlfn.AGGREGATE(15,6,ROW('TIME REPORT'!$Q$6:$Q$98)/('TIME REPORT'!$Q$6:$Q$98=$T$3),ROW()-5),""))))>0)),INDEX('TIME REPORT'!$N:$N,IFERROR(_xlfn.AGGREGATE(15,6,ROW('TIME REPORT'!$Q$6:$Q$98)/('TIME REPORT'!$Q$6:$Q$98=$T$3),ROW()-5),""))*60+INDEX('TIME REPORT'!$P:$P,IFERROR(_xlfn.AGGREGATE(15,6,ROW('TIME REPORT'!$Q$6:$Q$98)/('TIME REPORT'!$Q$6:$Q$98=$T$3),ROW()-5),"")),MAX(0,INDEX('TIME REPORT'!$N:$N,IFERROR(_xlfn.AGGREGATE(15,6,ROW('TIME REPORT'!$Q$6:$Q$98)/('TIME REPORT'!$Q$6:$Q$98=$T$3),ROW()-5),""))*60+INDEX('TIME REPORT'!$P:$P,IFERROR(_xlfn.AGGREGATE(15,6,ROW('TIME REPORT'!$Q$6:$Q$98)/('TIME REPORT'!$Q$6:$Q$98=$T$3),ROW()-5),""))-$T$1*60))),60))} | Q14: {=IF(IFERROR(_xlfn.AGGREGATE(15,6,ROW('TIME REPORT'!$Q$6:$Q$98)/('TIME REPORT'!$Q$6:$Q$98=$T$3),ROW()-5),"")="","",$T$3)}
A15: {=IF(IFERROR(_xlfn.AGGREGATE(15,6,ROW('TIME REPORT'!$Q$6:$Q$98)/('TIME REPORT'!$Q$6:$Q$98=$T$3),ROW()-5),"")="","",INDEX('TIME REPORT'!$A:$A,IFERROR(_xlfn.AGGREGATE(15,6,ROW('TIME REPORT'!$Q$6:$Q$98)/('TIME REPORT'!$Q$6:$Q$98=$T$3),ROW()-5),"")))} | B15: {=IF(IFERROR(_xlfn.AGGREGATE(15,6,ROW('TIME REPORT'!$Q$6:$Q$98)/('TIME REPORT'!$Q$6:$Q$98=$T$3),ROW()-5),"")="","",INT(IF(IFERROR(_xlfn.AGGREGATE(15,6,ROW('TIME REPORT'!$Q$6:$Q$98)/('TIME REPORT'!$Q$6:$Q$98=$T$3),ROW()-5),"")="","",IF(IF(IFERROR(_xlfn.AGGREGATE(15,6,ROW('TIME REPORT'!$Q$6:$Q$98)/('TIME REPORT'!$Q$6:$Q$98=$T$3),ROW()-5),"")="","",OR(WEEKDAY(DATE(HOLIDAYS!$E$3,HOLIDAYS!$E$2,INDEX('TIME REPORT'!$A:$A,IFERROR(_xlfn.AGGREGATE(15,6,ROW('TIME REPORT'!$Q$6:$Q$98)/('TIME REPORT'!$Q$6:$Q$98=$T$3),ROW()-5),""))),2)=6,WEEKDAY(DATE(HOLIDAYS!$E$3,HOLIDAYS!$E$2,INDEX('TIME REPORT'!$A:$A,IFERROR(_xlfn.AGGREGATE(15,6,ROW('TIME REPORT'!$Q$6:$Q$98)/('TIME REPORT'!$Q$6:$Q$98=$T$3),ROW()-5),""))),2)=7,COUNTIF(HOLIDAYS!$A$5:$A$199,DATE(HOLIDAYS!$E$3,HOLIDAYS!$E$2,INDEX('TIME REPORT'!$A:$A,IFERROR(_xlfn.AGGREGATE(15,6,ROW('TIME REPORT'!$Q$6:$Q$98)/('TIME REPORT'!$Q$6:$Q$98=$T$3),ROW()-5),""))))>0)),IF(INDEX('TIME REPORT'!$B:$B,IFERROR(_xlfn.AGGREGATE(15,6,ROW('TIME REPORT'!$Q$6:$Q$98)/('TIME REPORT'!$Q$6:$Q$98=$T$3),ROW()-5),""))=0.01,1,INT(INDEX('TIME REPORT'!$B:$B,IFERROR(_xlfn.AGGREGATE(15,6,ROW('TIME REPORT'!$Q$6:$Q$98)/('TIME REPORT'!$Q$6:$Q$98=$T$3),ROW()-5),"")))*60+ROUND(MOD(INDEX('TIME REPORT'!$B:$B,IFERROR(_xlfn.AGGREGATE(15,6,ROW('TIME REPORT'!$Q$6:$Q$98)/('TIME REPORT'!$Q$6:$Q$98=$T$3),ROW()-5),"")),1)*100,0)),INT(INDEX('TIME REPORT'!$B:$B,IFERROR(_xlfn.AGGREGATE(15,6,ROW('TIME REPORT'!$Q$6:$Q$98)/('TIME REPORT'!$Q$6:$Q$98=$T$3),ROW()-5),"")))*60+ROUND(MOD(INDEX('TIME REPORT'!$B:$B,IFERROR(_xlfn.AGGREGATE(15,6,ROW('TIME REPORT'!$Q$6:$Q$98)/('TIME REPORT'!$Q$6:$Q$98=$T$3),ROW()-5),"")),1)*100,0)+($T$1+$T$2)*60))/60)+MOD(IF(IFERROR(_xlfn.AGGREGATE(15,6,ROW('TIME REPORT'!$Q$6:$Q$98)/('TIME REPORT'!$Q$6:$Q$98=$T$3),ROW()-5),"")="","",IF(IF(IFERROR(_xlfn.AGGREGATE(15,6,ROW('TIME REPORT'!$Q$6:$Q$98)/('TIME REPORT'!$Q$6:$Q$98=$T$3),ROW()-5),"")="","",OR(WEEKDAY(DATE(HOLIDAYS!$E$3,HOLIDAYS!$E$2,INDEX('TIME REPORT'!$A:$A,IFERROR(_xlfn.AGGREGATE(15,6,ROW('TIME REPORT'!$Q$6:$Q$98)/('TIME REPORT'!$Q$6:$Q$98=$T$3),ROW()-5),""))),2)=6,WEEKDAY(DATE(HOLIDAYS!$E$3,HOLIDAYS!$E$2,INDEX('TIME REPORT'!$A:$A,IFERROR(_xlfn.AGGREGATE(15,6,ROW('TIME REPORT'!$Q$6:$Q$98)/('TIME REPORT'!$Q$6:$Q$98=$T$3),ROW()-5),""))),2)=7,COUNTIF(HOLIDAYS!$A$5:$A$199,DATE(HOLIDAYS!$E$3,HOLIDAYS!$E$2,INDEX('TIME REPORT'!$A:$A,IFERROR(_xlfn.AGGREGATE(15,6,ROW('TIME REPORT'!$Q$6:$Q$98)/('TIME REPORT'!$Q$6:$Q$98=$T$3),ROW()-5),""))))>0)),IF(INDEX('TIME REPORT'!$B:$B,IFERROR(_xlfn.AGGREGATE(15,6,ROW('TIME REPORT'!$Q$6:$Q$98)/('TIME REPORT'!$Q$6:$Q$98=$T$3),ROW()-5),""))=0.01,1,INT(INDEX('TIME REPORT'!$B:$B,IFERROR(_xlfn.AGGREGATE(15,6,ROW('TIME REPORT'!$Q$6:$Q$98)/('TIME REPORT'!$Q$6:$Q$98=$T$3),ROW()-5),"")))*60+ROUND(MOD(INDEX('TIME REPORT'!$B:$B,IFERROR(_xlfn.AGGREGATE(15,6,ROW('TIME REPORT'!$Q$6:$Q$98)/('TIME REPORT'!$Q$6:$Q$98=$T$3),ROW()-5),"")),1)*100,0)),INT(INDEX('TIME REPORT'!$B:$B,IFERROR(_xlfn.AGGREGATE(15,6,ROW('TIME REPORT'!$Q$6:$Q$98)/('TIME REPORT'!$Q$6:$Q$98=$T$3),ROW()-5),"")))*60+ROUND(MOD(INDEX('TIME REPORT'!$B:$B,IFERROR(_xlfn.AGGREGATE(15,6,ROW('TIME REPORT'!$Q$6:$Q$98)/('TIME REPORT'!$Q$6:$Q$98=$T$3),ROW()-5),"")),1)*100,0)+($T$1+$T$2)*60)),60)/100)} | C15: {=IF(IFERROR(_xlfn.AGGREGATE(15,6,ROW('TIME REPORT'!$Q$6:$Q$98)/('TIME REPORT'!$Q$6:$Q$98=$T$3),ROW()-5),"")="","",INDEX('TIME REPORT'!$C:$C,IFERROR(_xlfn.AGGREGATE(15,6,ROW('TIME REPORT'!$Q$6:$Q$98)/('TIME REPORT'!$Q$6:$Q$98=$T$3),ROW()-5),"")))} | E15: {=IF(IFERROR(_xlfn.AGGREGATE(15,6,ROW('TIME REPORT'!$Q$6:$Q$98)/('TIME REPORT'!$Q$6:$Q$98=$T$3),ROW()-5),"")="","",INDEX('TIME REPORT'!$E:$E,IFERROR(_xlfn.AGGREGATE(15,6,ROW('TIME REPORT'!$Q$6:$Q$98)/('TIME REPORT'!$Q$6:$Q$98=$T$3),ROW()-5),"")))} | H15: {=IF(IFERROR(_xlfn.AGGREGATE(15,6,ROW('TIME REPORT'!$Q$6:$Q$98)/('TIME REPORT'!$Q$6:$Q$98=$T$3),ROW()-5),"")="","",INDEX('TIME REPORT'!$H:$H,IFERROR(_xlfn.AGGREGATE(15,6,ROW('TIME REPORT'!$Q$6:$Q$98)/('TIME REPORT'!$Q$6:$Q$98=$T$3),ROW()-5),"")))} | I15: {=IF(IFERROR(_xlfn.AGGREGATE(15,6,ROW('TIME REPORT'!$Q$6:$Q$98)/('TIME REPORT'!$Q$6:$Q$98=$T$3),ROW()-5),"")="","",INDEX('TIME REPORT'!$I:$I,IFERROR(_xlfn.AGGREGATE(15,6,ROW('TIME REPORT'!$Q$6:$Q$98)/('TIME REPORT'!$Q$6:$Q$98=$T$3),ROW()-5),"")))} | N15: {=IF(IFERROR(_xlfn.AGGREGATE(15,6,ROW('TIME REPORT'!$Q$6:$Q$98)/('TIME REPORT'!$Q$6:$Q$98=$T$3),ROW()-5),"")="","",INT(IF(IFERROR(_xlfn.AGGREGATE(15,6,ROW('TIME REPORT'!$Q$6:$Q$98)/('TIME REPORT'!$Q$6:$Q$98=$T$3),ROW()-5),"")="","",IF(IF(IFERROR(_xlfn.AGGREGATE(15,6,ROW('TIME REPORT'!$Q$6:$Q$98)/('TIME REPORT'!$Q$6:$Q$98=$T$3),ROW()-5),"")="","",OR(WEEKDAY(DATE(HOLIDAYS!$E$3,HOLIDAYS!$E$2,INDEX('TIME REPORT'!$A:$A,IFERROR(_xlfn.AGGREGATE(15,6,ROW('TIME REPORT'!$Q$6:$Q$98)/('TIME REPORT'!$Q$6:$Q$98=$T$3),ROW()-5),""))),2)=6,WEEKDAY(DATE(HOLIDAYS!$E$3,HOLIDAYS!$E$2,INDEX('TIME REPORT'!$A:$A,IFERROR(_xlfn.AGGREGATE(15,6,ROW('TIME REPORT'!$Q$6:$Q$98)/('TIME REPORT'!$Q$6:$Q$98=$T$3),ROW()-5),""))),2)=7,COUNTIF(HOLIDAYS!$A$5:$A$199,DATE(HOLIDAYS!$E$3,HOLIDAYS!$E$2,INDEX('TIME REPORT'!$A:$A,IFERROR(_xlfn.AGGREGATE(15,6,ROW('TIME REPORT'!$Q$6:$Q$98)/('TIME REPORT'!$Q$6:$Q$98=$T$3),ROW()-5),""))))>0)),INDEX('TIME REPORT'!$N:$N,IFERROR(_xlfn.AGGREGATE(15,6,ROW('TIME REPORT'!$Q$6:$Q$98)/('TIME REPORT'!$Q$6:$Q$98=$T$3),ROW()-5),""))*60+INDEX('TIME REPORT'!$P:$P,IFERROR(_xlfn.AGGREGATE(15,6,ROW('TIME REPORT'!$Q$6:$Q$98)/('TIME REPORT'!$Q$6:$Q$98=$T$3),ROW()-5),"")),MAX(0,INDEX('TIME REPORT'!$N:$N,IFERROR(_xlfn.AGGREGATE(15,6,ROW('TIME REPORT'!$Q$6:$Q$98)/('TIME REPORT'!$Q$6:$Q$98=$T$3),ROW()-5),""))*60+INDEX('TIME REPORT'!$P:$P,IFERROR(_xlfn.AGGREGATE(15,6,ROW('TIME REPORT'!$Q$6:$Q$98)/('TIME REPORT'!$Q$6:$Q$98=$T$3),ROW()-5),""))-$T$1*60)))/60))} | P15: {=IF(IFERROR(_xlfn.AGGREGATE(15,6,ROW('TIME REPORT'!$Q$6:$Q$98)/('TIME REPORT'!$Q$6:$Q$98=$T$3),ROW()-5),"")="","",MOD(IF(IFERROR(_xlfn.AGGREGATE(15,6,ROW('TIME REPORT'!$Q$6:$Q$98)/('TIME REPORT'!$Q$6:$Q$98=$T$3),ROW()-5),"")="","",IF(IF(IFERROR(_xlfn.AGGREGATE(15,6,ROW('TIME REPORT'!$Q$6:$Q$98)/('TIME REPORT'!$Q$6:$Q$98=$T$3),ROW()-5),"")="","",OR(WEEKDAY(DATE(HOLIDAYS!$E$3,HOLIDAYS!$E$2,INDEX('TIME REPORT'!$A:$A,IFERROR(_xlfn.AGGREGATE(15,6,ROW('TIME REPORT'!$Q$6:$Q$98)/('TIME REPORT'!$Q$6:$Q$98=$T$3),ROW()-5),""))),2)=6,WEEKDAY(DATE(HOLIDAYS!$E$3,HOLIDAYS!$E$2,INDEX('TIME REPORT'!$A:$A,IFERROR(_xlfn.AGGREGATE(15,6,ROW('TIME REPORT'!$Q$6:$Q$98)/('TIME REPORT'!$Q$6:$Q$98=$T$3),ROW()-5),""))),2)=7,COUNTIF(HOLIDAYS!$A$5:$A$199,DATE(HOLIDAYS!$E$3,HOLIDAYS!$E$2,INDEX('TIME REPORT'!$A:$A,IFERROR(_xlfn.AGGREGATE(15,6,ROW('TIME REPORT'!$Q$6:$Q$98)/('TIME REPORT'!$Q$6:$Q$98=$T$3),ROW()-5),""))))>0)),INDEX('TIME REPORT'!$N:$N,IFERROR(_xlfn.AGGREGATE(15,6,ROW('TIME REPORT'!$Q$6:$Q$98)/('TIME REPORT'!$Q$6:$Q$98=$T$3),ROW()-5),""))*60+INDEX('TIME REPORT'!$P:$P,IFERROR(_xlfn.AGGREGATE(15,6,ROW('TIME REPORT'!$Q$6:$Q$98)/('TIME REPORT'!$Q$6:$Q$98=$T$3),ROW()-5),"")),MAX(0,INDEX('TIME REPORT'!$N:$N,IFERROR(_xlfn.AGGREGATE(15,6,ROW('TIME REPORT'!$Q$6:$Q$98)/('TIME REPORT'!$Q$6:$Q$98=$T$3),ROW()-5),""))*60+INDEX('TIME REPORT'!$P:$P,IFERROR(_xlfn.AGGREGATE(15,6,ROW('TIME REPORT'!$Q$6:$Q$98)/('TIME REPORT'!$Q$6:$Q$98=$T$3),ROW()-5),""))-$T$1*60))),60))} | Q15: {=IF(IFERROR(_xlfn.AGGREGATE(15,6,ROW('TIME REPORT'!$Q$6:$Q$98)/('TIME REPORT'!$Q$6:$Q$98=$T$3),ROW()-5),"")="","",$T$3)}
A16: {=IF(IFERROR(_xlfn.AGGREGATE(15,6,ROW('TIME REPORT'!$Q$6:$Q$98)/('TIME REPORT'!$Q$6:$Q$98=$T$3),ROW()-5),"")="","",INDEX('TIME REPORT'!$A:$A,IFERROR(_xlfn.AGGREGATE(15,6,ROW('TIME REPORT'!$Q$6:$Q$98)/('TIME REPORT'!$Q$6:$Q$98=$T$3),ROW()-5),"")))} | B16: {=IF(IFERROR(_xlfn.AGGREGATE(15,6,ROW('TIME REPORT'!$Q$6:$Q$98)/('TIME REPORT'!$Q$6:$Q$98=$T$3),ROW()-5),"")="","",INT(IF(IFERROR(_xlfn.AGGREGATE(15,6,ROW('TIME REPORT'!$Q$6:$Q$98)/('TIME REPORT'!$Q$6:$Q$98=$T$3),ROW()-5),"")="","",IF(IF(IFERROR(_xlfn.AGGREGATE(15,6,ROW('TIME REPORT'!$Q$6:$Q$98)/('TIME REPORT'!$Q$6:$Q$98=$T$3),ROW()-5),"")="","",OR(WEEKDAY(DATE(HOLIDAYS!$E$3,HOLIDAYS!$E$2,INDEX('TIME REPORT'!$A:$A,IFERROR(_xlfn.AGGREGATE(15,6,ROW('TIME REPORT'!$Q$6:$Q$98)/('TIME REPORT'!$Q$6:$Q$98=$T$3),ROW()-5),""))),2)=6,WEEKDAY(DATE(HOLIDAYS!$E$3,HOLIDAYS!$E$2,INDEX('TIME REPORT'!$A:$A,IFERROR(_xlfn.AGGREGATE(15,6,ROW('TIME REPORT'!$Q$6:$Q$98)/('TIME REPORT'!$Q$6:$Q$98=$T$3),ROW()-5),""))),2)=7,COUNTIF(HOLIDAYS!$A$5:$A$199,DATE(HOLIDAYS!$E$3,HOLIDAYS!$E$2,INDEX('TIME REPORT'!$A:$A,IFERROR(_xlfn.AGGREGATE(15,6,ROW('TIME REPORT'!$Q$6:$Q$98)/('TIME REPORT'!$Q$6:$Q$98=$T$3),ROW()-5),""))))>0)),IF(INDEX('TIME REPORT'!$B:$B,IFERROR(_xlfn.AGGREGATE(15,6,ROW('TIME REPORT'!$Q$6:$Q$98)/('TIME REPORT'!$Q$6:$Q$98=$T$3),ROW()-5),""))=0.01,1,INT(INDEX('TIME REPORT'!$B:$B,IFERROR(_xlfn.AGGREGATE(15,6,ROW('TIME REPORT'!$Q$6:$Q$98)/('TIME REPORT'!$Q$6:$Q$98=$T$3),ROW()-5),"")))*60+ROUND(MOD(INDEX('TIME REPORT'!$B:$B,IFERROR(_xlfn.AGGREGATE(15,6,ROW('TIME REPORT'!$Q$6:$Q$98)/('TIME REPORT'!$Q$6:$Q$98=$T$3),ROW()-5),"")),1)*100,0)),INT(INDEX('TIME REPORT'!$B:$B,IFERROR(_xlfn.AGGREGATE(15,6,ROW('TIME REPORT'!$Q$6:$Q$98)/('TIME REPORT'!$Q$6:$Q$98=$T$3),ROW()-5),"")))*60+ROUND(MOD(INDEX('TIME REPORT'!$B:$B,IFERROR(_xlfn.AGGREGATE(15,6,ROW('TIME REPORT'!$Q$6:$Q$98)/('TIME REPORT'!$Q$6:$Q$98=$T$3),ROW()-5),"")),1)*100,0)+($T$1+$T$2)*60))/60)+MOD(IF(IFERROR(_xlfn.AGGREGATE(15,6,ROW('TIME REPORT'!$Q$6:$Q$98)/('TIME REPORT'!$Q$6:$Q$98=$T$3),ROW()-5),"")="","",IF(IF(IFERROR(_xlfn.AGGREGATE(15,6,ROW('TIME REPORT'!$Q$6:$Q$98)/('TIME REPORT'!$Q$6:$Q$98=$T$3),ROW()-5),"")="","",OR(WEEKDAY(DATE(HOLIDAYS!$E$3,HOLIDAYS!$E$2,INDEX('TIME REPORT'!$A:$A,IFERROR(_xlfn.AGGREGATE(15,6,ROW('TIME REPORT'!$Q$6:$Q$98)/('TIME REPORT'!$Q$6:$Q$98=$T$3),ROW()-5),""))),2)=6,WEEKDAY(DATE(HOLIDAYS!$E$3,HOLIDAYS!$E$2,INDEX('TIME REPORT'!$A:$A,IFERROR(_xlfn.AGGREGATE(15,6,ROW('TIME REPORT'!$Q$6:$Q$98)/('TIME REPORT'!$Q$6:$Q$98=$T$3),ROW()-5),""))),2)=7,COUNTIF(HOLIDAYS!$A$5:$A$199,DATE(HOLIDAYS!$E$3,HOLIDAYS!$E$2,INDEX('TIME REPORT'!$A:$A,IFERROR(_xlfn.AGGREGATE(15,6,ROW('TIME REPORT'!$Q$6:$Q$98)/('TIME REPORT'!$Q$6:$Q$98=$T$3),ROW()-5),""))))>0)),IF(INDEX('TIME REPORT'!$B:$B,IFERROR(_xlfn.AGGREGATE(15,6,ROW('TIME REPORT'!$Q$6:$Q$98)/('TIME REPORT'!$Q$6:$Q$98=$T$3),ROW()-5),""))=0.01,1,INT(INDEX('TIME REPORT'!$B:$B,IFERROR(_xlfn.AGGREGATE(15,6,ROW('TIME REPORT'!$Q$6:$Q$98)/('TIME REPORT'!$Q$6:$Q$98=$T$3),ROW()-5),"")))*60+ROUND(MOD(INDEX('TIME REPORT'!$B:$B,IFERROR(_xlfn.AGGREGATE(15,6,ROW('TIME REPORT'!$Q$6:$Q$98)/('TIME REPORT'!$Q$6:$Q$98=$T$3),ROW()-5),"")),1)*100,0)),INT(INDEX('TIME REPORT'!$B:$B,IFERROR(_xlfn.AGGREGATE(15,6,ROW('TIME REPORT'!$Q$6:$Q$98)/('TIME REPORT'!$Q$6:$Q$98=$T$3),ROW()-5),"")))*60+ROUND(MOD(INDEX('TIME REPORT'!$B:$B,IFERROR(_xlfn.AGGREGATE(15,6,ROW('TIME REPORT'!$Q$6:$Q$98)/('TIME REPORT'!$Q$6:$Q$98=$T$3),ROW()-5),"")),1)*100,0)+($T$1+$T$2)*60)),60)/100)} | C16: {=IF(IFERROR(_xlfn.AGGREGATE(15,6,ROW('TIME REPORT'!$Q$6:$Q$98)/('TIME REPORT'!$Q$6:$Q$98=$T$3),ROW()-5),"")="","",INDEX('TIME REPORT'!$C:$C,IFERROR(_xlfn.AGGREGATE(15,6,ROW('TIME REPORT'!$Q$6:$Q$98)/('TIME REPORT'!$Q$6:$Q$98=$T$3),ROW()-5),"")))} | E16: {=IF(IFERROR(_xlfn.AGGREGATE(15,6,ROW('TIME REPORT'!$Q$6:$Q$98)/('TIME REPORT'!$Q$6:$Q$98=$T$3),ROW()-5),"")="","",INDEX('TIME REPORT'!$E:$E,IFERROR(_xlfn.AGGREGATE(15,6,ROW('TIME REPORT'!$Q$6:$Q$98)/('TIME REPORT'!$Q$6:$Q$98=$T$3),ROW()-5),"")))} | H16: {=IF(IFERROR(_xlfn.AGGREGATE(15,6,ROW('TIME REPORT'!$Q$6:$Q$98)/('TIME REPORT'!$Q$6:$Q$98=$T$3),ROW()-5),"")="","",INDEX('TIME REPORT'!$H:$H,IFERROR(_xlfn.AGGREGATE(15,6,ROW('TIME REPORT'!$Q$6:$Q$98)/('TIME REPORT'!$Q$6:$Q$98=$T$3),ROW()-5),"")))} | I16: {=IF(IFERROR(_xlfn.AGGREGATE(15,6,ROW('TIME REPORT'!$Q$6:$Q$98)/('TIME REPORT'!$Q$6:$Q$98=$T$3),ROW()-5),"")="","",INDEX('TIME REPORT'!$I:$I,IFERROR(_xlfn.AGGREGATE(15,6,ROW('TIME REPORT'!$Q$6:$Q$98)/('TIME REPORT'!$Q$6:$Q$98=$T$3),ROW()-5),"")))} | N16: {=IF(IFERROR(_xlfn.AGGREGATE(15,6,ROW('TIME REPORT'!$Q$6:$Q$98)/('TIME REPORT'!$Q$6:$Q$98=$T$3),ROW()-5),"")="","",INT(IF(IFERROR(_xlfn.AGGREGATE(15,6,ROW('TIME REPORT'!$Q$6:$Q$98)/('TIME REPORT'!$Q$6:$Q$98=$T$3),ROW()-5),"")="","",IF(IF(IFERROR(_xlfn.AGGREGATE(15,6,ROW('TIME REPORT'!$Q$6:$Q$98)/('TIME REPORT'!$Q$6:$Q$98=$T$3),ROW()-5),"")="","",OR(WEEKDAY(DATE(HOLIDAYS!$E$3,HOLIDAYS!$E$2,INDEX('TIME REPORT'!$A:$A,IFERROR(_xlfn.AGGREGATE(15,6,ROW('TIME REPORT'!$Q$6:$Q$98)/('TIME REPORT'!$Q$6:$Q$98=$T$3),ROW()-5),""))),2)=6,WEEKDAY(DATE(HOLIDAYS!$E$3,HOLIDAYS!$E$2,INDEX('TIME REPORT'!$A:$A,IFERROR(_xlfn.AGGREGATE(15,6,ROW('TIME REPORT'!$Q$6:$Q$98)/('TIME REPORT'!$Q$6:$Q$98=$T$3),ROW()-5),""))),2)=7,COUNTIF(HOLIDAYS!$A$5:$A$199,DATE(HOLIDAYS!$E$3,HOLIDAYS!$E$2,INDEX('TIME REPORT'!$A:$A,IFERROR(_xlfn.AGGREGATE(15,6,ROW('TIME REPORT'!$Q$6:$Q$98)/('TIME REPORT'!$Q$6:$Q$98=$T$3),ROW()-5),""))))>0)),INDEX('TIME REPORT'!$N:$N,IFERROR(_xlfn.AGGREGATE(15,6,ROW('TIME REPORT'!$Q$6:$Q$98)/('TIME REPORT'!$Q$6:$Q$98=$T$3),ROW()-5),""))*60+INDEX('TIME REPORT'!$P:$P,IFERROR(_xlfn.AGGREGATE(15,6,ROW('TIME REPORT'!$Q$6:$Q$98)/('TIME REPORT'!$Q$6:$Q$98=$T$3),ROW()-5),"")),MAX(0,INDEX('TIME REPORT'!$N:$N,IFERROR(_xlfn.AGGREGATE(15,6,ROW('TIME REPORT'!$Q$6:$Q$98)/('TIME REPORT'!$Q$6:$Q$98=$T$3),ROW()-5),""))*60+INDEX('TIME REPORT'!$P:$P,IFERROR(_xlfn.AGGREGATE(15,6,ROW('TIME REPORT'!$Q$6:$Q$98)/('TIME REPORT'!$Q$6:$Q$98=$T$3),ROW()-5),""))-$T$1*60)))/60))} | P16: {=IF(IFERROR(_xlfn.AGGREGATE(15,6,ROW('TIME REPORT'!$Q$6:$Q$98)/('TIME REPORT'!$Q$6:$Q$98=$T$3),ROW()-5),"")="","",MOD(IF(IFERROR(_xlfn.AGGREGATE(15,6,ROW('TIME REPORT'!$Q$6:$Q$98)/('TIME REPORT'!$Q$6:$Q$98=$T$3),ROW()-5),"")="","",IF(IF(IFERROR(_xlfn.AGGREGATE(15,6,ROW('TIME REPORT'!$Q$6:$Q$98)/('TIME REPORT'!$Q$6:$Q$98=$T$3),ROW()-5),"")="","",OR(WEEKDAY(DATE(HOLIDAYS!$E$3,HOLIDAYS!$E$2,INDEX('TIME REPORT'!$A:$A,IFERROR(_xlfn.AGGREGATE(15,6,ROW('TIME REPORT'!$Q$6:$Q$98)/('TIME REPORT'!$Q$6:$Q$98=$T$3),ROW()-5),""))),2)=6,WEEKDAY(DATE(HOLIDAYS!$E$3,HOLIDAYS!$E$2,INDEX('TIME REPORT'!$A:$A,IFERROR(_xlfn.AGGREGATE(15,6,ROW('TIME REPORT'!$Q$6:$Q$98)/('TIME REPORT'!$Q$6:$Q$98=$T$3),ROW()-5),""))),2)=7,COUNTIF(HOLIDAYS!$A$5:$A$199,DATE(HOLIDAYS!$E$3,HOLIDAYS!$E$2,INDEX('TIME REPORT'!$A:$A,IFERROR(_xlfn.AGGREGATE(15,6,ROW('TIME REPORT'!$Q$6:$Q$98)/('TIME REPORT'!$Q$6:$Q$98=$T$3),ROW()-5),""))))>0)),INDEX('TIME REPORT'!$N:$N,IFERROR(_xlfn.AGGREGATE(15,6,ROW('TIME REPORT'!$Q$6:$Q$98)/('TIME REPORT'!$Q$6:$Q$98=$T$3),ROW()-5),""))*60+INDEX('TIME REPORT'!$P:$P,IFERROR(_xlfn.AGGREGATE(15,6,ROW('TIME REPORT'!$Q$6:$Q$98)/('TIME REPORT'!$Q$6:$Q$98=$T$3),ROW()-5),"")),MAX(0,INDEX('TIME REPORT'!$N:$N,IFERROR(_xlfn.AGGREGATE(15,6,ROW('TIME REPORT'!$Q$6:$Q$98)/('TIME REPORT'!$Q$6:$Q$98=$T$3),ROW()-5),""))*60+INDEX('TIME REPORT'!$P:$P,IFERROR(_xlfn.AGGREGATE(15,6,ROW('TIME REPORT'!$Q$6:$Q$98)/('TIME REPORT'!$Q$6:$Q$98=$T$3),ROW()-5),""))-$T$1*60))),60))} | Q16: {=IF(IFERROR(_xlfn.AGGREGATE(15,6,ROW('TIME REPORT'!$Q$6:$Q$98)/('TIME REPORT'!$Q$6:$Q$98=$T$3),ROW()-5),"")="","",$T$3)}
A17: {=IF(IFERROR(_xlfn.AGGREGATE(15,6,ROW('TIME REPORT'!$Q$6:$Q$98)/('TIME REPORT'!$Q$6:$Q$98=$T$3),ROW()-5),"")="","",INDEX('TIME REPORT'!$A:$A,IFERROR(_xlfn.AGGREGATE(15,6,ROW('TIME REPORT'!$Q$6:$Q$98)/('TIME REPORT'!$Q$6:$Q$98=$T$3),ROW()-5),"")))} | B17: {=IF(IFERROR(_xlfn.AGGREGATE(15,6,ROW('TIME REPORT'!$Q$6:$Q$98)/('TIME REPORT'!$Q$6:$Q$98=$T$3),ROW()-5),"")="","",INT(IF(IFERROR(_xlfn.AGGREGATE(15,6,ROW('TIME REPORT'!$Q$6:$Q$98)/('TIME REPORT'!$Q$6:$Q$98=$T$3),ROW()-5),"")="","",IF(IF(IFERROR(_xlfn.AGGREGATE(15,6,ROW('TIME REPORT'!$Q$6:$Q$98)/('TIME REPORT'!$Q$6:$Q$98=$T$3),ROW()-5),"")="","",OR(WEEKDAY(DATE(HOLIDAYS!$E$3,HOLIDAYS!$E$2,INDEX('TIME REPORT'!$A:$A,IFERROR(_xlfn.AGGREGATE(15,6,ROW('TIME REPORT'!$Q$6:$Q$98)/('TIME REPORT'!$Q$6:$Q$98=$T$3),ROW()-5),""))),2)=6,WEEKDAY(DATE(HOLIDAYS!$E$3,HOLIDAYS!$E$2,INDEX('TIME REPORT'!$A:$A,IFERROR(_xlfn.AGGREGATE(15,6,ROW('TIME REPORT'!$Q$6:$Q$98)/('TIME REPORT'!$Q$6:$Q$98=$T$3),ROW()-5),""))),2)=7,COUNTIF(HOLIDAYS!$A$5:$A$199,DATE(HOLIDAYS!$E$3,HOLIDAYS!$E$2,INDEX('TIME REPORT'!$A:$A,IFERROR(_xlfn.AGGREGATE(15,6,ROW('TIME REPORT'!$Q$6:$Q$98)/('TIME REPORT'!$Q$6:$Q$98=$T$3),ROW()-5),""))))>0)),IF(INDEX('TIME REPORT'!$B:$B,IFERROR(_xlfn.AGGREGATE(15,6,ROW('TIME REPORT'!$Q$6:$Q$98)/('TIME REPORT'!$Q$6:$Q$98=$T$3),ROW()-5),""))=0.01,1,INT(INDEX('TIME REPORT'!$B:$B,IFERROR(_xlfn.AGGREGATE(15,6,ROW('TIME REPORT'!$Q$6:$Q$98)/('TIME REPORT'!$Q$6:$Q$98=$T$3),ROW()-5),"")))*60+ROUND(MOD(INDEX('TIME REPORT'!$B:$B,IFERROR(_xlfn.AGGREGATE(15,6,ROW('TIME REPORT'!$Q$6:$Q$98)/('TIME REPORT'!$Q$6:$Q$98=$T$3),ROW()-5),"")),1)*100,0)),INT(INDEX('TIME REPORT'!$B:$B,IFERROR(_xlfn.AGGREGATE(15,6,ROW('TIME REPORT'!$Q$6:$Q$98)/('TIME REPORT'!$Q$6:$Q$98=$T$3),ROW()-5),"")))*60+ROUND(MOD(INDEX('TIME REPORT'!$B:$B,IFERROR(_xlfn.AGGREGATE(15,6,ROW('TIME REPORT'!$Q$6:$Q$98)/('TIME REPORT'!$Q$6:$Q$98=$T$3),ROW()-5),"")),1)*100,0)+($T$1+$T$2)*60))/60)+MOD(IF(IFERROR(_xlfn.AGGREGATE(15,6,ROW('TIME REPORT'!$Q$6:$Q$98)/('TIME REPORT'!$Q$6:$Q$98=$T$3),ROW()-5),"")="","",IF(IF(IFERROR(_xlfn.AGGREGATE(15,6,ROW('TIME REPORT'!$Q$6:$Q$98)/('TIME REPORT'!$Q$6:$Q$98=$T$3),ROW()-5),"")="","",OR(WEEKDAY(DATE(HOLIDAYS!$E$3,HOLIDAYS!$E$2,INDEX('TIME REPORT'!$A:$A,IFERROR(_xlfn.AGGREGATE(15,6,ROW('TIME REPORT'!$Q$6:$Q$98)/('TIME REPORT'!$Q$6:$Q$98=$T$3),ROW()-5),""))),2)=6,WEEKDAY(DATE(HOLIDAYS!$E$3,HOLIDAYS!$E$2,INDEX('TIME REPORT'!$A:$A,IFERROR(_xlfn.AGGREGATE(15,6,ROW('TIME REPORT'!$Q$6:$Q$98)/('TIME REPORT'!$Q$6:$Q$98=$T$3),ROW()-5),""))),2)=7,COUNTIF(HOLIDAYS!$A$5:$A$199,DATE(HOLIDAYS!$E$3,HOLIDAYS!$E$2,INDEX('TIME REPORT'!$A:$A,IFERROR(_xlfn.AGGREGATE(15,6,ROW('TIME REPORT'!$Q$6:$Q$98)/('TIME REPORT'!$Q$6:$Q$98=$T$3),ROW()-5),""))))>0)),IF(INDEX('TIME REPORT'!$B:$B,IFERROR(_xlfn.AGGREGATE(15,6,ROW('TIME REPORT'!$Q$6:$Q$98)/('TIME REPORT'!$Q$6:$Q$98=$T$3),ROW()-5),""))=0.01,1,INT(INDEX('TIME REPORT'!$B:$B,IFERROR(_xlfn.AGGREGATE(15,6,ROW('TIME REPORT'!$Q$6:$Q$98)/('TIME REPORT'!$Q$6:$Q$98=$T$3),ROW()-5),"")))*60+ROUND(MOD(INDEX('TIME REPORT'!$B:$B,IFERROR(_xlfn.AGGREGATE(15,6,ROW('TIME REPORT'!$Q$6:$Q$98)/('TIME REPORT'!$Q$6:$Q$98=$T$3),ROW()-5),"")),1)*100,0)),INT(INDEX('TIME REPORT'!$B:$B,IFERROR(_xlfn.AGGREGATE(15,6,ROW('TIME REPORT'!$Q$6:$Q$98)/('TIME REPORT'!$Q$6:$Q$98=$T$3),ROW()-5),"")))*60+ROUND(MOD(INDEX('TIME REPORT'!$B:$B,IFERROR(_xlfn.AGGREGATE(15,6,ROW('TIME REPORT'!$Q$6:$Q$98)/('TIME REPORT'!$Q$6:$Q$98=$T$3),ROW()-5),"")),1)*100,0)+($T$1+$T$2)*60)),60)/100)} | C17: {=IF(IFERROR(_xlfn.AGGREGATE(15,6,ROW('TIME REPORT'!$Q$6:$Q$98)/('TIME REPORT'!$Q$6:$Q$98=$T$3),ROW()-5),"")="","",INDEX('TIME REPORT'!$C:$C,IFERROR(_xlfn.AGGREGATE(15,6,ROW('TIME REPORT'!$Q$6:$Q$98)/('TIME REPORT'!$Q$6:$Q$98=$T$3),ROW()-5),"")))} | E17: {=IF(IFERROR(_xlfn.AGGREGATE(15,6,ROW('TIME REPORT'!$Q$6:$Q$98)/('TIME REPORT'!$Q$6:$Q$98=$T$3),ROW()-5),"")="","",INDEX('TIME REPORT'!$E:$E,IFERROR(_xlfn.AGGREGATE(15,6,ROW('TIME REPORT'!$Q$6:$Q$98)/('TIME REPORT'!$Q$6:$Q$98=$T$3),ROW()-5),"")))} | H17: {=IF(IFERROR(_xlfn.AGGREGATE(15,6,ROW('TIME REPORT'!$Q$6:$Q$98)/('TIME REPORT'!$Q$6:$Q$98=$T$3),ROW()-5),"")="","",INDEX('TIME REPORT'!$H:$H,IFERROR(_xlfn.AGGREGATE(15,6,ROW('TIME REPORT'!$Q$6:$Q$98)/('TIME REPORT'!$Q$6:$Q$98=$T$3),ROW()-5),"")))} | I17: {=IF(IFERROR(_xlfn.AGGREGATE(15,6,ROW('TIME REPORT'!$Q$6:$Q$98)/('TIME REPORT'!$Q$6:$Q$98=$T$3),ROW()-5),"")="","",INDEX('TIME REPORT'!$I:$I,IFERROR(_xlfn.AGGREGATE(15,6,ROW('TIME REPORT'!$Q$6:$Q$98)/('TIME REPORT'!$Q$6:$Q$98=$T$3),ROW()-5),"")))} | N17: {=IF(IFERROR(_xlfn.AGGREGATE(15,6,ROW('TIME REPORT'!$Q$6:$Q$98)/('TIME REPORT'!$Q$6:$Q$98=$T$3),ROW()-5),"")="","",INT(IF(IFERROR(_xlfn.AGGREGATE(15,6,ROW('TIME REPORT'!$Q$6:$Q$98)/('TIME REPORT'!$Q$6:$Q$98=$T$3),ROW()-5),"")="","",IF(IF(IFERROR(_xlfn.AGGREGATE(15,6,ROW('TIME REPORT'!$Q$6:$Q$98)/('TIME REPORT'!$Q$6:$Q$98=$T$3),ROW()-5),"")="","",OR(WEEKDAY(DATE(HOLIDAYS!$E$3,HOLIDAYS!$E$2,INDEX('TIME REPORT'!$A:$A,IFERROR(_xlfn.AGGREGATE(15,6,ROW('TIME REPORT'!$Q$6:$Q$98)/('TIME REPORT'!$Q$6:$Q$98=$T$3),ROW()-5),""))),2)=6,WEEKDAY(DATE(HOLIDAYS!$E$3,HOLIDAYS!$E$2,INDEX('TIME REPORT'!$A:$A,IFERROR(_xlfn.AGGREGATE(15,6,ROW('TIME REPORT'!$Q$6:$Q$98)/('TIME REPORT'!$Q$6:$Q$98=$T$3),ROW()-5),""))),2)=7,COUNTIF(HOLIDAYS!$A$5:$A$199,DATE(HOLIDAYS!$E$3,HOLIDAYS!$E$2,INDEX('TIME REPORT'!$A:$A,IFERROR(_xlfn.AGGREGATE(15,6,ROW('TIME REPORT'!$Q$6:$Q$98)/('TIME REPORT'!$Q$6:$Q$98=$T$3),ROW()-5),""))))>0)),INDEX('TIME REPORT'!$N:$N,IFERROR(_xlfn.AGGREGATE(15,6,ROW('TIME REPORT'!$Q$6:$Q$98)/('TIME REPORT'!$Q$6:$Q$98=$T$3),ROW()-5),""))*60+INDEX('TIME REPORT'!$P:$P,IFERROR(_xlfn.AGGREGATE(15,6,ROW('TIME REPORT'!$Q$6:$Q$98)/('TIME REPORT'!$Q$6:$Q$98=$T$3),ROW()-5),"")),MAX(0,INDEX('TIME REPORT'!$N:$N,IFERROR(_xlfn.AGGREGATE(15,6,ROW('TIME REPORT'!$Q$6:$Q$98)/('TIME REPORT'!$Q$6:$Q$98=$T$3),ROW()-5),""))*60+INDEX('TIME REPORT'!$P:$P,IFERROR(_xlfn.AGGREGATE(15,6,ROW('TIME REPORT'!$Q$6:$Q$98)/('TIME REPORT'!$Q$6:$Q$98=$T$3),ROW()-5),""))-$T$1*60)))/60))} | P17: {=IF(IFERROR(_xlfn.AGGREGATE(15,6,ROW('TIME REPORT'!$Q$6:$Q$98)/('TIME REPORT'!$Q$6:$Q$98=$T$3),ROW()-5),"")="","",MOD(IF(IFERROR(_xlfn.AGGREGATE(15,6,ROW('TIME REPORT'!$Q$6:$Q$98)/('TIME REPORT'!$Q$6:$Q$98=$T$3),ROW()-5),"")="","",IF(IF(IFERROR(_xlfn.AGGREGATE(15,6,ROW('TIME REPORT'!$Q$6:$Q$98)/('TIME REPORT'!$Q$6:$Q$98=$T$3),ROW()-5),"")="","",OR(WEEKDAY(DATE(HOLIDAYS!$E$3,HOLIDAYS!$E$2,INDEX('TIME REPORT'!$A:$A,IFERROR(_xlfn.AGGREGATE(15,6,ROW('TIME REPORT'!$Q$6:$Q$98)/('TIME REPORT'!$Q$6:$Q$98=$T$3),ROW()-5),""))),2)=6,WEEKDAY(DATE(HOLIDAYS!$E$3,HOLIDAYS!$E$2,INDEX('TIME REPORT'!$A:$A,IFERROR(_xlfn.AGGREGATE(15,6,ROW('TIME REPORT'!$Q$6:$Q$98)/('TIME REPORT'!$Q$6:$Q$98=$T$3),ROW()-5),""))),2)=7,COUNTIF(HOLIDAYS!$A$5:$A$199,DATE(HOLIDAYS!$E$3,HOLIDAYS!$E$2,INDEX('TIME REPORT'!$A:$A,IFERROR(_xlfn.AGGREGATE(15,6,ROW('TIME REPORT'!$Q$6:$Q$98)/('TIME REPORT'!$Q$6:$Q$98=$T$3),ROW()-5),""))))>0)),INDEX('TIME REPORT'!$N:$N,IFERROR(_xlfn.AGGREGATE(15,6,ROW('TIME REPORT'!$Q$6:$Q$98)/('TIME REPORT'!$Q$6:$Q$98=$T$3),ROW()-5),""))*60+INDEX('TIME REPORT'!$P:$P,IFERROR(_xlfn.AGGREGATE(15,6,ROW('TIME REPORT'!$Q$6:$Q$98)/('TIME REPORT'!$Q$6:$Q$98=$T$3),ROW()-5),"")),MAX(0,INDEX('TIME REPORT'!$N:$N,IFERROR(_xlfn.AGGREGATE(15,6,ROW('TIME REPORT'!$Q$6:$Q$98)/('TIME REPORT'!$Q$6:$Q$98=$T$3),ROW()-5),""))*60+INDEX('TIME REPORT'!$P:$P,IFERROR(_xlfn.AGGREGATE(15,6,ROW('TIME REPORT'!$Q$6:$Q$98)/('TIME REPORT'!$Q$6:$Q$98=$T$3),ROW()-5),""))-$T$1*60))),60))} | Q17: {=IF(IFERROR(_xlfn.AGGREGATE(15,6,ROW('TIME REPORT'!$Q$6:$Q$98)/('TIME REPORT'!$Q$6:$Q$98=$T$3),ROW()-5),"")="","",$T$3)}
... A32: {=IF(IFERROR(_xlfn.AGGREGATE(15,6,ROW('TIME REPORT'!$Q$6:$Q$98)/('TIME REPORT'!$Q$6:$Q$98=$T$3),ROW()-5),"")="","",INDEX('TIME REPORT'!$A:$A,IFERROR(_xlfn.AGGREGATE(15,6,ROW('TIME REPORT'!$Q$6:$Q$98)/('TIME REPORT'!$Q$6:$Q$98=$T$3),ROW()-5),"")))} | B32: {=IF(IFERROR(_xlfn.AGGREGATE(15,6,ROW('TIME REPORT'!$Q$6:$Q$98)/('TIME REPORT'!$Q$6:$Q$98=$T$3),ROW()-5),"")="","",INT(IF(IFERROR(_xlfn.AGGREGATE(15,6,ROW('TIME REPORT'!$Q$6:$Q$98)/('TIME REPORT'!$Q$6:$Q$98=$T$3),ROW()-5),"")="","",IF(IF(IFERROR(_xlfn.AGGREGATE(15,6,ROW('TIME REPORT'!$Q$6:$Q$98)/('TIME REPORT'!$Q$6:$Q$98=$T$3),ROW()-5),"")="","",OR(WEEKDAY(DATE(HOLIDAYS!$E$3,HOLIDAYS!$E$2,INDEX('TIME REPORT'!$A:$A,IFERROR(_xlfn.AGGREGATE(15,6,ROW('TIME REPORT'!$Q$6:$Q$98)/('TIME REPORT'!$Q$6:$Q$98=$T$3),ROW()-5),""))),2)=6,WEEKDAY(DATE(HOLIDAYS!$E$3,HOLIDAYS!$E$2,INDEX('TIME REPORT'!$A:$A,IFERROR(_xlfn.AGGREGATE(15,6,ROW('TIME REPORT'!$Q$6:$Q$98)/('TIME REPORT'!$Q$6:$Q$98=$T$3),ROW()-5),""))),2)=7,COUNTIF(HOLIDAYS!$A$5:$A$199,DATE(HOLIDAYS!$E$3,HOLIDAYS!$E$2,INDEX('TIME REPORT'!$A:$A,IFERROR(_xlfn.AGGREGATE(15,6,ROW('TIME REPORT'!$Q$6:$Q$98)/('TIME REPORT'!$Q$6:$Q$98=$T$3),ROW()-5),""))))>0)),IF(INDEX('TIME REPORT'!$B:$B,IFERROR(_xlfn.AGGREGATE(15,6,ROW('TIME REPORT'!$Q$6:$Q$98)/('TIME REPORT'!$Q$6:$Q$98=$T$3),ROW()-5),""))=0.01,1,INT(INDEX('TIME REPORT'!$B:$B,IFERROR(_xlfn.AGGREGATE(15,6,ROW('TIME REPORT'!$Q$6:$Q$98)/('TIME REPORT'!$Q$6:$Q$98=$T$3),ROW()-5),"")))*60+ROUND(MOD(INDEX('TIME REPORT'!$B:$B,IFERROR(_xlfn.AGGREGATE(15,6,ROW('TIME REPORT'!$Q$6:$Q$98)/('TIME REPORT'!$Q$6:$Q$98=$T$3),ROW()-5),"")),1)*100,0)),INT(INDEX('TIME REPORT'!$B:$B,IFERROR(_xlfn.AGGREGATE(15,6,ROW('TIME REPORT'!$Q$6:$Q$98)/('TIME REPORT'!$Q$6:$Q$98=$T$3),ROW()-5),"")))*60+ROUND(MOD(INDEX('TIME REPORT'!$B:$B,IFERROR(_xlfn.AGGREGATE(15,6,ROW('TIME REPORT'!$Q$6:$Q$98)/('TIME REPORT'!$Q$6:$Q$98=$T$3),ROW()-5),"")),1)*100,0)+($T$1+$T$2)*60))/60)+MOD(IF(IFERROR(_xlfn.AGGREGATE(15,6,ROW('TIME REPORT'!$Q$6:$Q$98)/('TIME REPORT'!$Q$6:$Q$98=$T$3),ROW()-5),"")="","",IF(IF(IFERROR(_xlfn.AGGREGATE(15,6,ROW('TIME REPORT'!$Q$6:$Q$98)/('TIME REPORT'!$Q$6:$Q$98=$T$3),ROW()-5),"")="","",OR(WEEKDAY(DATE(HOLIDAYS!$E$3,HOLIDAYS!$E$2,INDEX('TIME REPORT'!$A:$A,IFERROR(_xlfn.AGGREGATE(15,6,ROW('TIME REPORT'!$Q$6:$Q$98)/('TIME REPORT'!$Q$6:$Q$98=$T$3),ROW()-5),""))),2)=6,WEEKDAY(DATE(HOLIDAYS!$E$3,HOLIDAYS!$E$2,INDEX('TIME REPORT'!$A:$A,IFERROR(_xlfn.AGGREGATE(15,6,ROW('TIME REPORT'!$Q$6:$Q$98)/('TIME REPORT'!$Q$6:$Q$98=$T$3),ROW()-5),""))),2)=7,COUNTIF(HOLIDAYS!$A$5:$A$199,DATE(HOLIDAYS!$E$3,HOLIDAYS!$E$2,INDEX('TIME REPORT'!$A:$A,IFERROR(_xlfn.AGGREGATE(15,6,ROW('TIME REPORT'!$Q$6:$Q$98)/('TIME REPORT'!$Q$6:$Q$98=$T$3),ROW()-5),""))))>0)),IF(INDEX('TIME REPORT'!$B:$B,IFERROR(_xlfn.AGGREGATE(15,6,ROW('TIME REPORT'!$Q$6:$Q$98)/('TIME REPORT'!$Q$6:$Q$98=$T$3),ROW()-5),""))=0.01,1,INT(INDEX('TIME REPORT'!$B:$B,IFERROR(_xlfn.AGGREGATE(15,6,ROW('TIME REPORT'!$Q$6:$Q$98)/('TIME REPORT'!$Q$6:$Q$98=$T$3),ROW()-5),"")))*60+ROUND(MOD(INDEX('TIME REPORT'!$B:$B,IFERROR(_xlfn.AGGREGATE(15,6,ROW('TIME REPORT'!$Q$6:$Q$98)/('TIME REPORT'!$Q$6:$Q$98=$T$3),ROW()-5),"")),1)*100,0)),INT(INDEX('TIME REPORT'!$B:$B,IFERROR(_xlfn.AGGREGATE(15,6,ROW('TIME REPORT'!$Q$6:$Q$98)/('TIME REPORT'!$Q$6:$Q$98=$T$3),ROW()-5),"")))*60+ROUND(MOD(INDEX('TIME REPORT'!$B:$B,IFERROR(_xlfn.AGGREGATE(15,6,ROW('TIME REPORT'!$Q$6:$Q$98)/('TIME REPORT'!$Q$6:$Q$98=$T$3),ROW()-5),"")),1)*100,0)+($T$1+$T$2)*60)),60)/100)} | C32: {=IF(IFERROR(_xlfn.AGGREGATE(15,6,ROW('TIME REPORT'!$Q$6:$Q$98)/('TIME REPORT'!$Q$6:$Q$98=$T$3),ROW()-5),"")="","",INDEX('TIME REPORT'!$C:$C,IFERROR(_xlfn.AGGREGATE(15,6,ROW('TIME REPORT'!$Q$6:$Q$98)/('TIME REPORT'!$Q$6:$Q$98=$T$3),ROW()-5),"")))} | E32: {=IF(IFERROR(_xlfn.AGGREGATE(15,6,ROW('TIME REPORT'!$Q$6:$Q$98)/('TIME REPORT'!$Q$6:$Q$98=$T$3),ROW()-5),"")="","",INDEX('TIME REPORT'!$E:$E,IFERROR(_xlfn.AGGREGATE(15,6,ROW('TIME REPORT'!$Q$6:$Q$98)/('TIME REPORT'!$Q$6:$Q$98=$T$3),ROW()-5),"")))} | H32: {=IF(IFERROR(_xlfn.AGGREGATE(15,6,ROW('TIME REPORT'!$Q$6:$Q$98)/('TIME REPORT'!$Q$6:$Q$98=$T$3),ROW()-5),"")="","",INDEX('TIME REPORT'!$H:$H,IFERROR(_xlfn.AGGREGATE(15,6,ROW('TIME REPORT'!$Q$6:$Q$98)/('TIME REPORT'!$Q$6:$Q$98=$T$3),ROW()-5),"")))} | I32: {=IF(IFERROR(_xlfn.AGGREGATE(15,6,ROW('TIME REPORT'!$Q$6:$Q$98)/('TIME REPORT'!$Q$6:$Q$98=$T$3),ROW()-5),"")="","",INDEX('TIME REPORT'!$I:$I,IFERROR(_xlfn.AGGREGATE(15,6,ROW('TIME REPORT'!$Q$6:$Q$98)/('TIME REPORT'!$Q$6:$Q$98=$T$3),ROW()-5),"")))} | N32: {=IF(IFERROR(_xlfn.AGGREGATE(15,6,ROW('TIME REPORT'!$Q$6:$Q$98)/('TIME REPORT'!$Q$6:$Q$98=$T$3),ROW()-5),"")="","",INT(IF(IFERROR(_xlfn.AGGREGATE(15,6,ROW('TIME REPORT'!$Q$6:$Q$98)/('TIME REPORT'!$Q$6:$Q$98=$T$3),ROW()-5),"")="","",IF(IF(IFERROR(_xlfn.AGGREGATE(15,6,ROW('TIME REPORT'!$Q$6:$Q$98)/('TIME REPORT'!$Q$6:$Q$98=$T$3),ROW()-5),"")="","",OR(WEEKDAY(DATE(HOLIDAYS!$E$3,HOLIDAYS!$E$2,INDEX('TIME REPORT'!$A:$A,IFERROR(_xlfn.AGGREGATE(15,6,ROW('TIME REPORT'!$Q$6:$Q$98)/('TIME REPORT'!$Q$6:$Q$98=$T$3),ROW()-5),""))),2)=6,WEEKDAY(DATE(HOLIDAYS!$E$3,HOLIDAYS!$E$2,INDEX('TIME REPORT'!$A:$A,IFERROR(_xlfn.AGGREGATE(15,6,ROW('TIME REPORT'!$Q$6:$Q$98)/('TIME REPORT'!$Q$6:$Q$98=$T$3),ROW()-5),""))),2)=7,COUNTIF(HOLIDAYS!$A$5:$A$199,DATE(HOLIDAYS!$E$3,HOLIDAYS!$E$2,INDEX('TIME REPORT'!$A:$A,IFERROR(_xlfn.AGGREGATE(15,6,ROW('TIME REPORT'!$Q$6:$Q$98)/('TIME REPORT'!$Q$6:$Q$98=$T$3),ROW()-5),""))))>0)),INDEX('TIME REPORT'!$N:$N,IFERROR(_xlfn.AGGREGATE(15,6,ROW('TIME REPORT'!$Q$6:$Q$98)/('TIME REPORT'!$Q$6:$Q$98=$T$3),ROW()-5),""))*60+INDEX('TIME REPORT'!$P:$P,IFERROR(_xlfn.AGGREGATE(15,6,ROW('TIME REPORT'!$Q$6:$Q$98)/('TIME REPORT'!$Q$6:$Q$98=$T$3),ROW()-5),"")),MAX(0,INDEX('TIME REPORT'!$N:$N,IFERROR(_xlfn.AGGREGATE(15,6,ROW('TIME REPORT'!$Q$6:$Q$98)/('TIME REPORT'!$Q$6:$Q$98=$T$3),ROW()-5),""))*60+INDEX('TIME REPORT'!$P:$P,IFERROR(_xlfn.AGGREGATE(15,6,ROW('TIME REPORT'!$Q$6:$Q$98)/('TIME REPORT'!$Q$6:$Q$98=$T$3),ROW()-5),""))-$T$1*60)))/60))} | P32: {=IF(IFERROR(_xlfn.AGGREGATE(15,6,ROW('TIME REPORT'!$Q$6:$Q$98)/('TIME REPORT'!$Q$6:$Q$98=$T$3),ROW()-5),"")="","",MOD(IF(IFERROR(_xlfn.AGGREGATE(15,6,ROW('TIME REPORT'!$Q$6:$Q$98)/('TIME REPORT'!$Q$6:$Q$98=$T$3),ROW()-5),"")="","",IF(IF(IFERROR(_xlfn.AGGREGATE(15,6,ROW('TIME REPORT'!$Q$6:$Q$98)/('TIME REPORT'!$Q$6:$Q$98=$T$3),ROW()-5),"")="","",OR(WEEKDAY(DATE(HOLIDAYS!$E$3,HOLIDAYS!$E$2,INDEX('TIME REPORT'!$A:$A,IFERROR(_xlfn.AGGREGATE(15,6,ROW('TIME REPORT'!$Q$6:$Q$98)/('TIME REPORT'!$Q$6:$Q$98=$T$3),ROW()-5),""))),2)=6,WEEKDAY(DATE(HOLIDAYS!$E$3,HOLIDAYS!$E$2,INDEX('TIME REPORT'!$A:$A,IFERROR(_xlfn.AGGREGATE(15,6,ROW('TIME REPORT'!$Q$6:$Q$98)/('TIME REPORT'!$Q$6:$Q$98=$T$3),ROW()-5),""))),2)=7,COUNTIF(HOLIDAYS!$A$5:$A$199,DATE(HOLIDAYS!$E$3,HOLIDAYS!$E$2,INDEX('TIME REPORT'!$A:$A,IFERROR(_xlfn.AGGREGATE(15,6,ROW('TIME REPORT'!$Q$6:$Q$98)/('TIME REPORT'!$Q$6:$Q$98=$T$3),ROW()-5),""))))>0)),INDEX('TIME REPORT'!$N:$N,IFERROR(_xlfn.AGGREGATE(15,6,ROW('TIME REPORT'!$Q$6:$Q$98)/('TIME REPORT'!$Q$6:$Q$98=$T$3),ROW()-5),""))*60+INDEX('TIME REPORT'!$P:$P,IFERROR(_xlfn.AGGREGATE(15,6,ROW('TIME REPORT'!$Q$6:$Q$98)/('TIME REPORT'!$Q$6:$Q$98=$T$3),ROW()-5),"")),MAX(0,INDEX('TIME REPORT'!$N:$N,IFERROR(_xlfn.AGGREGATE(15,6,ROW('TIME REPORT'!$Q$6:$Q$98)/('TIME REPORT'!$Q$6:$Q$98=$T$3),ROW()-5),""))*60+INDEX('TIME REPORT'!$P:$P,IFERROR(_xlfn.AGGREGATE(15,6,ROW('TIME REPORT'!$Q$6:$Q$98)/('TIME REPORT'!$Q$6:$Q$98=$T$3),ROW()-5),""))-$T$1*60))),60))} | Q32: {=IF(IFERROR(_xlfn.AGGREGATE(15,6,ROW('TIME REPORT'!$Q$6:$Q$98)/('TIME REPORT'!$Q$6:$Q$98=$T$3),ROW()-5),"")="","",$T$3)}
H33: รวม | N33: =SUM(N6:N32)+INT(SUM(P6:P32)/60) -> 0 | P33: =MOD(SUM(P6:P32),60) -> 0

Sheet HOLIDAYS
A1: วันหยุดนักขัตฤกษ์ / วันหยุดตามประกาศ (ใช้สำหรับไฮไลท์ TIME SHEET & TIME REPORT)
D2: เดือนที่เลือก (ตัวเลข) | E2: =MATCH('TIME SHEET'!$C$3,$G$3:$G$14,0) -> 12 | G2: MONTH | H2: CLIENTS' NAME | I2: PERIOD
D3: ปีที่เลือก (ค.ศ.) | E3: ='TIME SHEET'!$F$3-543 -> 2026 | G3: มกราคม | H3: OFFICE | I3: 69YE
A4: วันที่ | B4: ชื่อวันหยุด | C4: หมายเหตุ | G4: กุมภาพันธ์ | H4: ลาป่วย | I4: 68YE
A5: =DATE(2026,1,1) -> 46023 | B5: วันขึ้นปีใหม่ | G5: มีนาคม | H5: ลาพักร้อน | I5: Q1/69
A6: =DATE(2026,1,2) -> 46024 | B6: วันหยุดพิเศษ (มติ ครม.) | G6: เมษายน | H6: ลา OT สะสม | I6: Q2/69
A7: =DATE(2026,3,3) -> 46084 | B7: วันมาฆบูชา | G7: พฤษภาคม | H7: ลากิจ | I7: Q3/69
A8: =DATE(2026,4,6) -> 46118 | B8: วันจักรี | G8: มิถุนายน | H8: อบรม
A9: =DATE(2026,4,13) -> 46125 | B9: วันสงกรานต์ | G9: กรกฎาคม | H9: หยุดวันเสาร์
A10: =DATE(2026,4,14) -> 46126 | B10: วันสงกรานต์ | G10: สิงหาคม | H10: หยุดวันอาทิตย์
A11: =DATE(2026,4,15) -> 46127 | B11: วันสงกรานต์ | G11: กันยายน | H11: หยุดวันนักขัตฤกษ์
A12: =DATE(2026,5,1) -> 46143 | B12: วันแรงงานแห่งชาติ | G12: ตุลาคม | H12: A1
A13: =DATE(2026,5,4) -> 46146 | B13: วันฉัตรมงคล | G13: พฤศจิกายน | H13: A2
A14: =DATE(2026,5,31) -> 46173 | B14: วันวิสาขบูชา | C14: ตรงวันอาทิตย์ | G14: ธันวาคม | H14: A3
A15: =DATE(2026,6,1) -> 46174 | B15: วันหยุดชดเชยวันวิสาขบูชา | H15: A4
A16: =DATE(2026,6,3) -> 46176 | B16: วันเฉลิมพระชนมพรรษา สมเด็จพระราชินี | H16: A5
A17: =DATE(2026,7,28) -> 46231 | B17: วันเฉลิมพระชนมพรรษา ร.10 | H17: A6
A18: =DATE(2026,7,29) -> 46232 | B18: วันอาสาฬหบูชา | H18: A7
A19: =DATE(2026,7,30) -> 46233 | B19: วันเข้าพรรษา | H19: A8
A20: =DATE(2026,8,12) -> 46246 | B20: วันแม่แห่งชาติ | H20: A9
A21: =DATE(2026,10,13) -> 46308 | B21: วันนวมินทรมหาราช | H21: A10
A22: =DATE(2026,10,23) -> 46318 | B22: วันปิยมหาราช | H22: A11
A23: =DATE(2026,12,5) -> 46361 | B23: วันพ่อแห่งชาติ | C23: ตรงวันเสาร์ | H23: A12
A24: =DATE(2026,12,7) -> 46363 | B24: วันหยุดชดเชยวันพ่อแห่งชาติ | H24: A13
A25: =DATE(2026,12,10) -> 46366 | B25: วันรัฐธรรมนูญ | H25: A14
A26: =DATE(2026,12,31) -> 46387 | B26: วันสิ้นปี | H26: A15
H27: A16
A28: * เพิ่มวันหยุดปีถัดไป (เช่น 2570) ต่อท้ายในคอลัมน์ A–B ได้เลย (รองรับถึงแถว 200) – ระบบจะไฮไลท์อัตโนมัติ | H28: A17
H29: A18
H30: A19
H31: A20
H32: A21
H33: A22
H34: A23
H35: A24
H36: A25
H37: A26
H38: A27
H39: A28
H40: A29
... H211: A200
